Indices_commerciaux,noms_des_fichiers
7,https://dataratp2.opendatasoft.com/api/v2/catalog/datasets/pictogrammes-des-lignes-de-metro-rer-tramway-bus-et-noctilien/files/b5cbcd1b0f78c75239f4e96772079f4d
24,https://dataratp2.opendatasoft.com/api/v2/catalog/datasets/pictogrammes-des-lignes-de-metro-rer-tramway-bus-et-noctilien/files/87fede4a86c3171bc1ad9f3326f95ee2
26,https://dataratp2.opendatasoft.com/api/v2/catalog/datasets/pictogrammes-des-lignes-de-metro-rer-tramway-bus-et-noctilien/files/573c34f9a7985203f344c8c6145f452b
38,https://dataratp2.opendatasoft.com/api/v2/catalog/datasets/pictogrammes-des-lignes-de-metro-rer-tramway-bus-et-noctilien/files/c66a9e68dad56f1b5b12fca473e18e57
42,https://dataratp2.opendatasoft.com/api/v2/catalog/datasets/pictogrammes-des-lignes-de-metro-rer-tramway-bus-et-noctilien/files/19571909efa687ecd11c37c386cead6c
45,https://dataratp2.opendatasoft.com/api/v2/catalog/datasets/pictogrammes-des-lignes-de-metro-rer-tramway-bus-et-noctilien/files/256d17699df242e3902d88500aeb9071
56,https://dataratp2.opendatasoft.com/api/v2/catalog/datasets/pictogrammes-des-lignes-de-metro-rer-tramway-bus-et-noctilien/files/727e2c6039b5ec652cdb3b7250b92087
58,https://dataratp2.opendatasoft.com/api/v2/catalog/datasets/pictogrammes-des-lignes-de-metro-rer-tramway-bus-et-noctilien/files/d668b16d23c619084c1ffdf0965d6f65
61,https://dataratp2.opendatasoft.com/api/v2/catalog/datasets/pictogrammes-des-lignes-de-metro-rer-tramway-bus-et-noctilien/files/b407b589e336db1e4073ab28fa9e6d2d
68,https://dataratp2.opendatasoft.com/api/v2/catalog/datasets/pictogrammes-des-lignes-de-metro-rer-tramway-bus-et-noctilien/files/ef5ba57431371cd9d87e9e07f47fa2a8
74,https://dataratp2.opendatasoft.com/api/v2/catalog/datasets/pictogrammes-des-lignes-de-metro-rer-tramway-bus-et-noctilien/files/2a5db760396deee9b9fc56c0073a0323
87,https://dataratp2.opendatasoft.com/api/v2/catalog/datasets/pictogrammes-des-lignes-de-metro-rer-tramway-bus-et-noctilien/files/063101c4fb2d3899564dbc1f2b809d53
91,https://dataratp2.opendatasoft.com/api/v2/catalog/datasets/pictogrammes-des-lignes-de-metro-rer-tramway-bus-et-noctilien/files/0b666282e6ae2f9a82d908c6965d758d
95,https://dataratp2.opendatasoft.com/api/v2/catalog/datasets/pictogrammes-des-lignes-de-metro-rer-tramway-bus-et-noctilien/files/5165bdbc18e177c3fd00a03b8da3baf5
107,https://dataratp2.opendatasoft.com/api/v2/catalog/datasets/pictogrammes-des-lignes-de-metro-rer-tramway-bus-et-noctilien/files/28b6b8a090cf84c1f7b8b1bd83335d57
114,https://dataratp2.opendatasoft.com/api/v2/catalog/datasets/pictogrammes-des-lignes-de-metro-rer-tramway-bus-et-noctilien/files/fdfeb728907e2592d8e9db378882edd9
115,https://dataratp2.opendatasoft.com/api/v2/catalog/datasets/pictogrammes-des-lignes-de-metro-rer-tramway-bus-et-noctilien/files/2af29c41a7143b65e48eafeb54c1031f
124,https://dataratp2.opendatasoft.com/api/v2/catalog/datasets/pictogrammes-des-lignes-de-metro-rer-tramway-bus-et-noctilien/files/c80de7b4315cd8aef4b2d95fe47bacc3
127,https://dataratp2.opendatasoft.com/api/v2/catalog/datasets/pictogrammes-des-lignes-de-metro-rer-tramway-bus-et-noctilien/files/32d3f5b3a02fdbeafd5f2ba90964d00e
131,https://dataratp2.opendatasoft.com/api/v2/catalog/datasets/pictogrammes-des-lignes-de-metro-rer-tramway-bus-et-noctilien/files/33526bd2be64a7b7253f9e283220acbf
138,https://dataratp2.opendatasoft.com/api/v2/catalog/datasets/pictogrammes-des-lignes-de-metro-rer-tramway-bus-et-noctilien/files/58f5c127e186400193d627b1726e91ac
141,https://dataratp2.opendatasoft.com/api/v2/catalog/datasets/pictogrammes-des-lignes-de-metro-rer-tramway-bus-et-noctilien/files/601190621e651bb4096d7f095c148e9e
151,https://dataratp2.opendatasoft.com/api/v2/catalog/datasets/pictogrammes-des-lignes-de-metro-rer-tramway-bus-et-noctilien/files/bbace28352efe301f58fb9ad059ced85
158,https://dataratp2.opendatasoft.com/api/v2/catalog/datasets/pictogrammes-des-lignes-de-metro-rer-tramway-bus-et-noctilien/files/e20cdf39d305e3d3945bdec8a791655d
163,https://dataratp2.opendatasoft.com/api/v2/catalog/datasets/pictogrammes-des-lignes-de-metro-rer-tramway-bus-et-noctilien/files/18e2112cc57e853fce36789d85040c73
166,https://dataratp2.opendatasoft.com/api/v2/catalog/datasets/pictogrammes-des-lignes-de-metro-rer-tramway-bus-et-noctilien/files/63eefb8ec2c72ef8b5b064c3f335ce00
169,https://dataratp2.opendatasoft.com/api/v2/catalog/datasets/pictogrammes-des-lignes-de-metro-rer-tramway-bus-et-noctilien/files/506981c407f07741db1d012e3465eeeb
170,https://dataratp2.opendatasoft.com/api/v2/catalog/datasets/pictogrammes-des-lignes-de-metro-rer-tramway-bus-et-noctilien/files/12ac330fd79ffe1dbbc5f0d8e2d569fb
173,https://dataratp2.opendatasoft.com/api/v2/catalog/datasets/pictogrammes-des-lignes-de-metro-rer-tramway-bus-et-noctilien/files/410cc40a6bbc9655a0f6b9a412b2a3fe
183,https://dataratp2.opendatasoft.com/api/v2/catalog/datasets/pictogrammes-des-lignes-de-metro-rer-tramway-bus-et-noctilien/files/b1e646a64422ac1287ee4b030bf8a440
199,https://dataratp2.opendatasoft.com/api/v2/catalog/datasets/pictogrammes-des-lignes-de-metro-rer-tramway-bus-et-noctilien/files/eee2fa3886fc06c5ac522ff48faadf5a
201,https://dataratp2.opendatasoft.com/api/v2/catalog/datasets/pictogrammes-des-lignes-de-metro-rer-tramway-bus-et-noctilien/files/16343c7f24f629b2a9cea93b9b38d4f6
207,https://dataratp2.opendatasoft.com/api/v2/catalog/datasets/pictogrammes-des-lignes-de-metro-rer-tramway-bus-et-noctilien/files/d5bd2fa26033470b230ff95da1421629
248,https://dataratp2.opendatasoft.com/api/v2/catalog/datasets/pictogrammes-des-lignes-de-metro-rer-tramway-bus-et-noctilien/files/098bf376e674de9c0630ac46e795e373
252,https://dataratp2.opendatasoft.com/api/v2/catalog/datasets/pictogrammes-des-lignes-de-metro-rer-tramway-bus-et-noctilien/files/3ab43c886740ff652c2b9e6a24b2416d
254,https://dataratp2.opendatasoft.com/api/v2/catalog/datasets/pictogrammes-des-lignes-de-metro-rer-tramway-bus-et-noctilien/files/44541074899af11bb1976be794cdddb3
258,https://dataratp2.opendatasoft.com/api/v2/catalog/datasets/pictogrammes-des-lignes-de-metro-rer-tramway-bus-et-noctilien/files/a0815fee3432d130e47638c2b6f17a3d
260,https://dataratp2.opendatasoft.com/api/v2/catalog/datasets/pictogrammes-des-lignes-de-metro-rer-tramway-bus-et-noctilien/files/2f1a12dd8e891c18b730dbec6b796124
262,https://dataratp2.opendatasoft.com/api/v2/catalog/datasets/pictogrammes-des-lignes-de-metro-rer-tramway-bus-et-noctilien/files/e6cda05b18d9a885b007aeec1593f740
272,https://dataratp2.opendatasoft.com/api/v2/catalog/datasets/pictogrammes-des-lignes-de-metro-rer-tramway-bus-et-noctilien/files/12a4bddfc3da1d2ab100d3605fc4603e
281,https://dataratp2.opendatasoft.com/api/v2/catalog/datasets/pictogrammes-des-lignes-de-metro-rer-tramway-bus-et-noctilien/files/8e943ebf7c2c03746462c3590c61663b
283,https://dataratp2.opendatasoft.com/api/v2/catalog/datasets/pictogrammes-des-lignes-de-metro-rer-tramway-bus-et-noctilien/files/ff809bf952b1f5e1a86d086f6f8c77de
286,https://dataratp2.opendatasoft.com/api/v2/catalog/datasets/pictogrammes-des-lignes-de-metro-rer-tramway-bus-et-noctilien/files/f499046e2db097f1bce3140ac8d77b7b
293,https://dataratp2.opendatasoft.com/api/v2/catalog/datasets/pictogrammes-des-lignes-de-metro-rer-tramway-bus-et-noctilien/files/261a2dc623cc603a184fd0dd0fcfcb30
302,https://dataratp2.opendatasoft.com/api/v2/catalog/datasets/pictogrammes-des-lignes-de-metro-rer-tramway-bus-et-noctilien/files/6f5f019414786dc2c58cb2a18f2148a8
308,https://dataratp2.opendatasoft.com/api/v2/catalog/datasets/pictogrammes-des-lignes-de-metro-rer-tramway-bus-et-noctilien/files/0dee04e42718cff9d7b2f68c2273333d
322,https://dataratp2.opendatasoft.com/api/v2/catalog/datasets/pictogrammes-des-lignes-de-metro-rer-tramway-bus-et-noctilien/files/3aebb7411e5851aeff7ba7f8197b7873
325,https://dataratp2.opendatasoft.com/api/v2/catalog/datasets/pictogrammes-des-lignes-de-metro-rer-tramway-bus-et-noctilien/files/36161799da04a8abb3cba4dbc0d123d4
391,https://dataratp2.opendatasoft.com/api/v2/catalog/datasets/pictogrammes-des-lignes-de-metro-rer-tramway-bus-et-noctilien/files/23e93e039445b1c27a167866dd91ee93
392,https://dataratp2.opendatasoft.com/api/v2/catalog/datasets/pictogrammes-des-lignes-de-metro-rer-tramway-bus-et-noctilien/files/cc0245fd34e52ff6b7bbbf7687ff0655
429,https://dataratp2.opendatasoft.com/api/v2/catalog/datasets/pictogrammes-des-lignes-de-metro-rer-tramway-bus-et-noctilien/files/bc2633789db11c684ecd2aef90bd7263
475,https://dataratp2.opendatasoft.com/api/v2/catalog/datasets/pictogrammes-des-lignes-de-metro-rer-tramway-bus-et-noctilien/files/ea0a8c5abcdb2d22603b411417abeccc
488,https://dataratp2.opendatasoft.com/api/v2/catalog/datasets/pictogrammes-des-lignes-de-metro-rer-tramway-bus-et-noctilien/files/16c45c4c29937617332328c403b3d179
501,https://dataratp2.opendatasoft.com/api/v2/catalog/datasets/pictogrammes-des-lignes-de-metro-rer-tramway-bus-et-noctilien/files/05058c7adfa093e6c178eade309d09e7
519,https://dataratp2.opendatasoft.com/api/v2/catalog/datasets/pictogrammes-des-lignes-de-metro-rer-tramway-bus-et-noctilien/files/571ec1ecb17f45b9b229e27b8e7c4a3a
551,https://dataratp2.opendatasoft.com/api/v2/catalog/datasets/pictogrammes-des-lignes-de-metro-rer-tramway-bus-et-noctilien/files/8205f550c6bb2bc2e587bcc0b731ae27
556,https://dataratp2.opendatasoft.com/api/v2/catalog/datasets/pictogrammes-des-lignes-de-metro-rer-tramway-bus-et-noctilien/files/ed81f00f13f4c5b0ffbefb4ddc83a837
581,https://dataratp2.opendatasoft.com/api/v2/catalog/datasets/pictogrammes-des-lignes-de-metro-rer-tramway-bus-et-noctilien/files/320465f9c5ab14551062af0adacadbdf
582,https://dataratp2.opendatasoft.com/api/v2/catalog/datasets/pictogrammes-des-lignes-de-metro-rer-tramway-bus-et-noctilien/files/7144b604ac1b194653d07b90e9ff369e
585,https://dataratp2.opendatasoft.com/api/v2/catalog/datasets/pictogrammes-des-lignes-de-metro-rer-tramway-bus-et-noctilien/files/7fa1fdc4766e5831d398ba87e66de8db
593,https://dataratp2.opendatasoft.com/api/v2/catalog/datasets/pictogrammes-des-lignes-de-metro-rer-tramway-bus-et-noctilien/files/f431a213a1002cfd826b972513b24f09
601,https://dataratp2.opendatasoft.com/api/v2/catalog/datasets/pictogrammes-des-lignes-de-metro-rer-tramway-bus-et-noctilien/files/3152c65ad02741d96a7ab46da823ed62
611,https://dataratp2.opendatasoft.com/api/v2/catalog/datasets/pictogrammes-des-lignes-de-metro-rer-tramway-bus-et-noctilien/files/f789c3ef5307864cc8c310db0bb44a6a
619,https://dataratp2.opendatasoft.com/api/v2/catalog/datasets/pictogrammes-des-lignes-de-metro-rer-tramway-bus-et-noctilien/files/731f46a9f4170481876c7fd1dd4c036a
620,https://dataratp2.opendatasoft.com/api/v2/catalog/datasets/pictogrammes-des-lignes-de-metro-rer-tramway-bus-et-noctilien/files/72a71bec69ae5d0cb34f9ecab4543a8b
627,https://dataratp2.opendatasoft.com/api/v2/catalog/datasets/pictogrammes-des-lignes-de-metro-rer-tramway-bus-et-noctilien/files/67a3c21b69cfddff446697f57d2deef9
642,https://dataratp2.opendatasoft.com/api/v2/catalog/datasets/pictogrammes-des-lignes-de-metro-rer-tramway-bus-et-noctilien/files/547104dbcc478d5e97f27efe2d6ea060
902,https://dataratp2.opendatasoft.com/api/v2/catalog/datasets/pictogrammes-des-lignes-de-metro-rer-tramway-bus-et-noctilien/files/30dc46a4f9742038534a9bc64b4b4474
208ab,https://dataratp2.opendatasoft.com/api/v2/catalog/datasets/pictogrammes-des-lignes-de-metro-rer-tramway-bus-et-noctilien/files/db93cc643a86c0893f5c4445ca6ab79d
340-ocre,https://dataratp2.opendatasoft.com/api/v2/catalog/datasets/pictogrammes-des-lignes-de-metro-rer-tramway-bus-et-noctilien/files/0dc7dd85812ed224de8b18286f24e5b6
340-rose,https://dataratp2.opendatasoft.com/api/v2/catalog/datasets/pictogrammes-des-lignes-de-metro-rer-tramway-bus-et-noctilien/files/a081b69722ce445c40b222d2655990cf
487b,https://dataratp2.opendatasoft.com/api/v2/catalog/datasets/pictogrammes-des-lignes-de-metro-rer-tramway-bus-et-noctilien/files/2960dffded863c8228b8e174c0184203
559d,https://dataratp2.opendatasoft.com/api/v2/catalog/datasets/pictogrammes-des-lignes-de-metro-rer-tramway-bus-et-noctilien/files/7f803b4819a1c747ca920e693e157bfc
589-Tuvim-c,https://dataratp2.opendatasoft.com/api/v2/catalog/datasets/pictogrammes-des-lignes-de-metro-rer-tramway-bus-et-noctilien/files/75c75371e551dec78c3f24e3f2f259f3
M1,https://dataratp2.opendatasoft.com/api/v2/catalog/datasets/pictogrammes-des-lignes-de-metro-rer-tramway-bus-et-noctilien/files/bfd5dc927af97984f745a27410c9efe8
M14,https://dataratp2.opendatasoft.com/api/v2/catalog/datasets/pictogrammes-des-lignes-de-metro-rer-tramway-bus-et-noctilien/files/ca0cfc318e6cbddf2ce693ea2f82fb54
M2,https://dataratp2.opendatasoft.com/api/v2/catalog/datasets/pictogrammes-des-lignes-de-metro-rer-tramway-bus-et-noctilien/files/f38666007590ab24f5868470f5734dfd
M4,https://dataratp2.opendatasoft.com/api/v2/catalog/datasets/pictogrammes-des-lignes-de-metro-rer-tramway-bus-et-noctilien/files/f5df1c954f25871af3ccfbca63d7d9d6
M5,https://dataratp2.opendatasoft.com/api/v2/catalog/datasets/pictogrammes-des-lignes-de-metro-rer-tramway-bus-et-noctilien/files/37979bc6ea6b3e50771e98e6dc265469
M6,https://dataratp2.opendatasoft.com/api/v2/catalog/datasets/pictogrammes-des-lignes-de-metro-rer-tramway-bus-et-noctilien/files/1c13dfe0144cf28e298b70615c7d14f8
N132,https://dataratp2.opendatasoft.com/api/v2/catalog/datasets/pictogrammes-des-lignes-de-metro-rer-tramway-bus-et-noctilien/files/84d9d047dc35d90b9e267d2318443512
N133,https://dataratp2.opendatasoft.com/api/v2/catalog/datasets/pictogrammes-des-lignes-de-metro-rer-tramway-bus-et-noctilien/files/ff2ec8fb22a668cfc7e948d35774ebe2
N135,https://dataratp2.opendatasoft.com/api/v2/catalog/datasets/pictogrammes-des-lignes-de-metro-rer-tramway-bus-et-noctilien/files/5111c6056b715b7f9a530e0f6f8788dd
N143,https://dataratp2.opendatasoft.com/api/v2/catalog/datasets/pictogrammes-des-lignes-de-metro-rer-tramway-bus-et-noctilien/files/bfaa0267ae30fac0febe973f05313044
N24,https://dataratp2.opendatasoft.com/api/v2/catalog/datasets/pictogrammes-des-lignes-de-metro-rer-tramway-bus-et-noctilien/files/db36020eec5f900a8dbca4441694bbb6
N34,https://dataratp2.opendatasoft.com/api/v2/catalog/datasets/pictogrammes-des-lignes-de-metro-rer-tramway-bus-et-noctilien/files/03270cf96af2246ddb0a98f5aa46b058
N62,https://dataratp2.opendatasoft.com/api/v2/catalog/datasets/pictogrammes-des-lignes-de-metro-rer-tramway-bus-et-noctilien/files/285835ceb359c4f5df03da4c5ec28b1b
P30,https://dataratp2.opendatasoft.com/api/v2/catalog/datasets/pictogrammes-des-lignes-de-metro-rer-tramway-bus-et-noctilien/files/a2cbe0247977343ef14f400d351a4e47
P34,https://dataratp2.opendatasoft.com/api/v2/catalog/datasets/pictogrammes-des-lignes-de-metro-rer-tramway-bus-et-noctilien/files/4bd8664f083a9c090203ed2652c84fbe
P60,https://dataratp2.opendatasoft.com/api/v2/catalog/datasets/pictogrammes-des-lignes-de-metro-rer-tramway-bus-et-noctilien/files/1e7b565b8d6aabcfd1274c475ab76759
RER A,https://dataratp2.opendatasoft.com/api/v2/catalog/datasets/pictogrammes-des-lignes-de-metro-rer-tramway-bus-et-noctilien/files/bc080a5d6e80d89672f47d6dcb0ffc83
RER B,https://dataratp2.opendatasoft.com/api/v2/catalog/datasets/pictogrammes-des-lignes-de-metro-rer-tramway-bus-et-noctilien/files/cadaeedd37afadac592e0049b0b136a9
T3a,https://dataratp2.opendatasoft.com/api/v2/catalog/datasets/pictogrammes-des-lignes-de-metro-rer-tramway-bus-et-noctilien/files/c856deff3803958ba01f0572b3264419
M,https://dataratp2.opendatasoft.com/api/v2/catalog/datasets/pictogrammes-des-lignes-de-metro-rer-tramway-bus-et-noctilien/files/82b6af9f388922cac419e0af96e61d3e
8,https://dataratp2.opendatasoft.com/api/v2/catalog/datasets/pictogrammes-des-lignes-de-metro-rer-tramway-bus-et-noctilien/files/ed739de118c8106c1653c2c2e6f32d2e
27,https://dataratp2.opendatasoft.com/api/v2/catalog/datasets/pictogrammes-des-lignes-de-metro-rer-tramway-bus-et-noctilien/files/b288e578a96fafbcc92f7c53e76a5f00
32,https://dataratp2.opendatasoft.com/api/v2/catalog/datasets/pictogrammes-des-lignes-de-metro-rer-tramway-bus-et-noctilien/files/18aad4ead36280a3df835ae44e0db117
46,https://dataratp2.opendatasoft.com/api/v2/catalog/datasets/pictogrammes-des-lignes-de-metro-rer-tramway-bus-et-noctilien/files/e439a5919b7d306723cff7757334e06a
48,https://dataratp2.opendatasoft.com/api/v2/catalog/datasets/pictogrammes-des-lignes-de-metro-rer-tramway-bus-et-noctilien/files/8d4f685444848c56dee79cc6700f48a0
60,https://dataratp2.opendatasoft.com/api/v2/catalog/datasets/pictogrammes-des-lignes-de-metro-rer-tramway-bus-et-noctilien/files/3b73bd9f95325a128d291544062ad687
70,https://dataratp2.opendatasoft.com/api/v2/catalog/datasets/pictogrammes-des-lignes-de-metro-rer-tramway-bus-et-noctilien/files/a684f91e1da9fd47fbf2b356d944465a
72,https://dataratp2.opendatasoft.com/api/v2/catalog/datasets/pictogrammes-des-lignes-de-metro-rer-tramway-bus-et-noctilien/files/731056c1c3c01c083fd8c5eaa88f8a2b
77,https://dataratp2.opendatasoft.com/api/v2/catalog/datasets/pictogrammes-des-lignes-de-metro-rer-tramway-bus-et-noctilien/files/2bd533a9131df0b81ad138c0fc3df83e
82,https://dataratp2.opendatasoft.com/api/v2/catalog/datasets/pictogrammes-des-lignes-de-metro-rer-tramway-bus-et-noctilien/files/377eb68773d5c0e19fda1656ba29b640
83,https://dataratp2.opendatasoft.com/api/v2/catalog/datasets/pictogrammes-des-lignes-de-metro-rer-tramway-bus-et-noctilien/files/160a1d58c2fd47ccc084865ec8016057
84,https://dataratp2.opendatasoft.com/api/v2/catalog/datasets/pictogrammes-des-lignes-de-metro-rer-tramway-bus-et-noctilien/files/10af6cbb642eb584d8719b560077623d
86,https://dataratp2.opendatasoft.com/api/v2/catalog/datasets/pictogrammes-des-lignes-de-metro-rer-tramway-bus-et-noctilien/files/7d9998bbfbae5fd3a1e0e620097b8353
89,https://dataratp2.opendatasoft.com/api/v2/catalog/datasets/pictogrammes-des-lignes-de-metro-rer-tramway-bus-et-noctilien/files/541e7023a454ca3e6c35ae13328ab4e8
92,https://dataratp2.opendatasoft.com/api/v2/catalog/datasets/pictogrammes-des-lignes-de-metro-rer-tramway-bus-et-noctilien/files/cd0cdc4e471ce58b17267bb8d452bc44
106,https://dataratp2.opendatasoft.com/api/v2/catalog/datasets/pictogrammes-des-lignes-de-metro-rer-tramway-bus-et-noctilien/files/540d8b8a84cace2cacd916795a898d8f
108,https://dataratp2.opendatasoft.com/api/v2/catalog/datasets/pictogrammes-des-lignes-de-metro-rer-tramway-bus-et-noctilien/files/36cec401ea19ebaa936facf8d96816b4
110,https://dataratp2.opendatasoft.com/api/v2/catalog/datasets/pictogrammes-des-lignes-de-metro-rer-tramway-bus-et-noctilien/files/de0c565f65fa88ec9ae58cfc6e768a18
116,https://dataratp2.opendatasoft.com/api/v2/catalog/datasets/pictogrammes-des-lignes-de-metro-rer-tramway-bus-et-noctilien/files/44d62e428e8c2662b9d19712cabeed86
134,https://dataratp2.opendatasoft.com/api/v2/catalog/datasets/pictogrammes-des-lignes-de-metro-rer-tramway-bus-et-noctilien/files/7572ab632af4ac7f1285d2825988c7d1
140,https://dataratp2.opendatasoft.com/api/v2/catalog/datasets/pictogrammes-des-lignes-de-metro-rer-tramway-bus-et-noctilien/files/badcdccfd52b9d19f41b582f60bd9bfb
147,https://dataratp2.opendatasoft.com/api/v2/catalog/datasets/pictogrammes-des-lignes-de-metro-rer-tramway-bus-et-noctilien/files/d02416bf8e9498559f7cb6bf4d3a1938
148,https://dataratp2.opendatasoft.com/api/v2/catalog/datasets/pictogrammes-des-lignes-de-metro-rer-tramway-bus-et-noctilien/files/d58afe984ab2a8108ac76be4eeaec18d
152,https://dataratp2.opendatasoft.com/api/v2/catalog/datasets/pictogrammes-des-lignes-de-metro-rer-tramway-bus-et-noctilien/files/b87b860f95ff7df1c5d8727155e8d07b
156,https://dataratp2.opendatasoft.com/api/v2/catalog/datasets/pictogrammes-des-lignes-de-metro-rer-tramway-bus-et-noctilien/files/97f9e7c91f9a270e0d45029fcd38593b
159,https://dataratp2.opendatasoft.com/api/v2/catalog/datasets/pictogrammes-des-lignes-de-metro-rer-tramway-bus-et-noctilien/files/2403d2681b88717cf0924e139b4af125
162,https://dataratp2.opendatasoft.com/api/v2/catalog/datasets/pictogrammes-des-lignes-de-metro-rer-tramway-bus-et-noctilien/files/a0d513b9427e205ac24146efe868a5e7
164,https://dataratp2.opendatasoft.com/api/v2/catalog/datasets/pictogrammes-des-lignes-de-metro-rer-tramway-bus-et-noctilien/files/812de7c776c61e099556a14cf0a2cf2c
168,https://dataratp2.opendatasoft.com/api/v2/catalog/datasets/pictogrammes-des-lignes-de-metro-rer-tramway-bus-et-noctilien/files/44357144464b9b69560fe63b5d266f8d
171,https://dataratp2.opendatasoft.com/api/v2/catalog/datasets/pictogrammes-des-lignes-de-metro-rer-tramway-bus-et-noctilien/files/6563c1adc24e35e79c105839c124dfc6
174,https://dataratp2.opendatasoft.com/api/v2/catalog/datasets/pictogrammes-des-lignes-de-metro-rer-tramway-bus-et-noctilien/files/918a3e36ebba1ef89176b43d5782e86e
181,https://dataratp2.opendatasoft.com/api/v2/catalog/datasets/pictogrammes-des-lignes-de-metro-rer-tramway-bus-et-noctilien/files/7f5f0ff26ed226fae2c498d7a86815a0
182,https://dataratp2.opendatasoft.com/api/v2/catalog/datasets/pictogrammes-des-lignes-de-metro-rer-tramway-bus-et-noctilien/files/aab45b65e5c9875697ea683badeb5dda
191,https://dataratp2.opendatasoft.com/api/v2/catalog/datasets/pictogrammes-des-lignes-de-metro-rer-tramway-bus-et-noctilien/files/553ddce1e9b60d97db6140dfaec9c49c
192,https://dataratp2.opendatasoft.com/api/v2/catalog/datasets/pictogrammes-des-lignes-de-metro-rer-tramway-bus-et-noctilien/files/79288b4cd9523748adcf10da4a2d7196
193,https://dataratp2.opendatasoft.com/api/v2/catalog/datasets/pictogrammes-des-lignes-de-metro-rer-tramway-bus-et-noctilien/files/87b7bb96e48f1b416b7a6738b0bddcce
194,https://dataratp2.opendatasoft.com/api/v2/catalog/datasets/pictogrammes-des-lignes-de-metro-rer-tramway-bus-et-noctilien/files/d2e13f28a9e9eaa6399b8f993daa0b9c
203,https://dataratp2.opendatasoft.com/api/v2/catalog/datasets/pictogrammes-des-lignes-de-metro-rer-tramway-bus-et-noctilien/files/1cfe560281ba33c1f9571726787956d0
212,https://dataratp2.opendatasoft.com/api/v2/catalog/datasets/pictogrammes-des-lignes-de-metro-rer-tramway-bus-et-noctilien/files/9fe0dc6f2047ea30ba77e4ccc4e57e01
220,https://dataratp2.opendatasoft.com/api/v2/catalog/datasets/pictogrammes-des-lignes-de-metro-rer-tramway-bus-et-noctilien/files/895eecb4a21eaa19a9d85e73f31600df
221,https://dataratp2.opendatasoft.com/api/v2/catalog/datasets/pictogrammes-des-lignes-de-metro-rer-tramway-bus-et-noctilien/files/aee490db22327128c5cd9368d9d784ab
235,https://dataratp2.opendatasoft.com/api/v2/catalog/datasets/pictogrammes-des-lignes-de-metro-rer-tramway-bus-et-noctilien/files/d2a65f0497aaa5ce5be75942a39dd931
240,https://dataratp2.opendatasoft.com/api/v2/catalog/datasets/pictogrammes-des-lignes-de-metro-rer-tramway-bus-et-noctilien/files/a0796853acd94861b4eddcc2c1ceded3
250,https://dataratp2.opendatasoft.com/api/v2/catalog/datasets/pictogrammes-des-lignes-de-metro-rer-tramway-bus-et-noctilien/files/c6deb946596b88d789c26942357dd780
261,https://dataratp2.opendatasoft.com/api/v2/catalog/datasets/pictogrammes-des-lignes-de-metro-rer-tramway-bus-et-noctilien/files/8a29ce267d8b3149a0fbbead448b29e7
263,https://dataratp2.opendatasoft.com/api/v2/catalog/datasets/pictogrammes-des-lignes-de-metro-rer-tramway-bus-et-noctilien/files/0d8e36710b2ba5c32abc419cd6b214ef
275,https://dataratp2.opendatasoft.com/api/v2/catalog/datasets/pictogrammes-des-lignes-de-metro-rer-tramway-bus-et-noctilien/files/eb2c0f5ab1d372ff0c06ed560d608c09
285,https://dataratp2.opendatasoft.com/api/v2/catalog/datasets/pictogrammes-des-lignes-de-metro-rer-tramway-bus-et-noctilien/files/b5312333ee560c163ef06919041e66eb
297,https://dataratp2.opendatasoft.com/api/v2/catalog/datasets/pictogrammes-des-lignes-de-metro-rer-tramway-bus-et-noctilien/files/de3fa029684cbbb0a6783b8486a1e481
304,https://dataratp2.opendatasoft.com/api/v2/catalog/datasets/pictogrammes-des-lignes-de-metro-rer-tramway-bus-et-noctilien/files/5642fcf35af3e5a2f8c6cb10938bf5d8
319,https://dataratp2.opendatasoft.com/api/v2/catalog/datasets/pictogrammes-des-lignes-de-metro-rer-tramway-bus-et-noctilien/files/2ddac7a9e7a1700468b1b7c307801dd7
321,https://dataratp2.opendatasoft.com/api/v2/catalog/datasets/pictogrammes-des-lignes-de-metro-rer-tramway-bus-et-noctilien/files/c4fb2a8e63a416b6535ac513de00f4ab
323,https://dataratp2.opendatasoft.com/api/v2/catalog/datasets/pictogrammes-des-lignes-de-metro-rer-tramway-bus-et-noctilien/files/e36894bf1512da32df71b5eb4489d0e0
337,https://dataratp2.opendatasoft.com/api/v2/catalog/datasets/pictogrammes-des-lignes-de-metro-rer-tramway-bus-et-noctilien/files/1ab57cf3874706f8b1e49f0ce63a6bf5
341,https://dataratp2.opendatasoft.com/api/v2/catalog/datasets/pictogrammes-des-lignes-de-metro-rer-tramway-bus-et-noctilien/files/2e9395a21febd634be6f04faa198ae6d
348,https://dataratp2.opendatasoft.com/api/v2/catalog/datasets/pictogrammes-des-lignes-de-metro-rer-tramway-bus-et-noctilien/files/cf41817a884b2d56bbba6fe6b432a3c9
350,https://dataratp2.opendatasoft.com/api/v2/catalog/datasets/pictogrammes-des-lignes-de-metro-rer-tramway-bus-et-noctilien/files/9c7ca59a3ebe2396689ca6042881b591
354,https://dataratp2.opendatasoft.com/api/v2/catalog/datasets/pictogrammes-des-lignes-de-metro-rer-tramway-bus-et-noctilien/files/37fe2db6f6f0a08393f199a1e18b3ed4
358,https://dataratp2.opendatasoft.com/api/v2/catalog/datasets/pictogrammes-des-lignes-de-metro-rer-tramway-bus-et-noctilien/files/da38492f38bc6500d960787d1d391d16
388,https://dataratp2.opendatasoft.com/api/v2/catalog/datasets/pictogrammes-des-lignes-de-metro-rer-tramway-bus-et-noctilien/files/d9c8cbba8679b3b3ac7c9544456bee0c
393,https://dataratp2.opendatasoft.com/api/v2/catalog/datasets/pictogrammes-des-lignes-de-metro-rer-tramway-bus-et-noctilien/files/4b991465178bb2b2fa1ef467d179c80e
396,https://dataratp2.opendatasoft.com/api/v2/catalog/datasets/pictogrammes-des-lignes-de-metro-rer-tramway-bus-et-noctilien/files/b2e0f750060eeaf73ab262d80b6fb31e
421,https://dataratp2.opendatasoft.com/api/v2/catalog/datasets/pictogrammes-des-lignes-de-metro-rer-tramway-bus-et-noctilien/files/e3fe4051b0810a9d610460b1cb34dc60
459,https://dataratp2.opendatasoft.com/api/v2/catalog/datasets/pictogrammes-des-lignes-de-metro-rer-tramway-bus-et-noctilien/files/18dfcc44399ae35a87286731307c9a2b
471,https://dataratp2.opendatasoft.com/api/v2/catalog/datasets/pictogrammes-des-lignes-de-metro-rer-tramway-bus-et-noctilien/files/35e2078e167fc8a88b7bbfea9f22ecec
524,https://dataratp2.opendatasoft.com/api/v2/catalog/datasets/pictogrammes-des-lignes-de-metro-rer-tramway-bus-et-noctilien/files/ba34a1eaa97a9a3e7cbacc68bd0ec0a4
537,https://dataratp2.opendatasoft.com/api/v2/catalog/datasets/pictogrammes-des-lignes-de-metro-rer-tramway-bus-et-noctilien/files/e3a3bd835f7ba95dba50f192d985cae4
542,https://dataratp2.opendatasoft.com/api/v2/catalog/datasets/pictogrammes-des-lignes-de-metro-rer-tramway-bus-et-noctilien/files/959904cd3989515d0bdcbc26660d37b7
545,https://dataratp2.opendatasoft.com/api/v2/catalog/datasets/pictogrammes-des-lignes-de-metro-rer-tramway-bus-et-noctilien/files/e9668e993ac6f8d586a4e79b0cd33baf
566,https://dataratp2.opendatasoft.com/api/v2/catalog/datasets/pictogrammes-des-lignes-de-metro-rer-tramway-bus-et-noctilien/files/991f32e31e353c6291fec27004180719
576,https://dataratp2.opendatasoft.com/api/v2/catalog/datasets/pictogrammes-des-lignes-de-metro-rer-tramway-bus-et-noctilien/files/bd37994b1ec002089c9af86c0a130ffa
580,https://dataratp2.opendatasoft.com/api/v2/catalog/datasets/pictogrammes-des-lignes-de-metro-rer-tramway-bus-et-noctilien/files/6639129bf5cbd9b7812ed3e178031897
604,https://dataratp2.opendatasoft.com/api/v2/catalog/datasets/pictogrammes-des-lignes-de-metro-rer-tramway-bus-et-noctilien/files/c0728ca5136d89404142f05ba156c956
605,https://dataratp2.opendatasoft.com/api/v2/catalog/datasets/pictogrammes-des-lignes-de-metro-rer-tramway-bus-et-noctilien/files/6f312e0a5e753f5d7e1e0c8276367bf5
606,https://dataratp2.opendatasoft.com/api/v2/catalog/datasets/pictogrammes-des-lignes-de-metro-rer-tramway-bus-et-noctilien/files/4ab13a96ddfd96ba8c6abcf4b10b80be
609,https://dataratp2.opendatasoft.com/api/v2/catalog/datasets/pictogrammes-des-lignes-de-metro-rer-tramway-bus-et-noctilien/files/45a7d02efa119d7cc46878d41c0544f9
610,https://dataratp2.opendatasoft.com/api/v2/catalog/datasets/pictogrammes-des-lignes-de-metro-rer-tramway-bus-et-noctilien/files/1c4ffd7124ac3b4364e9eb851e6d835e
644,https://dataratp2.opendatasoft.com/api/v2/catalog/datasets/pictogrammes-des-lignes-de-metro-rer-tramway-bus-et-noctilien/files/d889ae668c3419f39ac927c67529f73f
901,https://dataratp2.opendatasoft.com/api/v2/catalog/datasets/pictogrammes-des-lignes-de-metro-rer-tramway-bus-et-noctilien/files/7891f5416950658b686e59d19b615a55
208b,https://dataratp2.opendatasoft.com/api/v2/catalog/datasets/pictogrammes-des-lignes-de-metro-rer-tramway-bus-et-noctilien/files/adc0eb9496dc12f79c91e082fb0f3941
485s,https://dataratp2.opendatasoft.com/api/v2/catalog/datasets/pictogrammes-des-lignes-de-metro-rer-tramway-bus-et-noctilien/files/87aefc086dfb3fdec1b416277e24db6a
487a,https://dataratp2.opendatasoft.com/api/v2/catalog/datasets/pictogrammes-des-lignes-de-metro-rer-tramway-bus-et-noctilien/files/19ddb5a5ac227ec8e081f850eda988cd
487c,https://dataratp2.opendatasoft.com/api/v2/catalog/datasets/pictogrammes-des-lignes-de-metro-rer-tramway-bus-et-noctilien/files/df1f990d92fa2b64517594a7d6c4b551
487d,https://dataratp2.opendatasoft.com/api/v2/catalog/datasets/pictogrammes-des-lignes-de-metro-rer-tramway-bus-et-noctilien/files/866aed13db14eba04c39b68945316945
541-Buseolien2,https://dataratp2.opendatasoft.com/api/v2/catalog/datasets/pictogrammes-des-lignes-de-metro-rer-tramway-bus-et-noctilien/files/0306baf0e905a58805bf631fb563a00e
584-Valouette-V5-vert,https://dataratp2.opendatasoft.com/api/v2/catalog/datasets/pictogrammes-des-lignes-de-metro-rer-tramway-bus-et-noctilien/files/38fb70eb428c9774b2f8bc81a8a9a652
586-la colombe-Lilas,https://dataratp2.opendatasoft.com/api/v2/catalog/datasets/pictogrammes-des-lignes-de-metro-rer-tramway-bus-et-noctilien/files/5dc360c0334f4c4c0a0b8bc00d4d1100
586-la colombe-Parme,https://dataratp2.opendatasoft.com/api/v2/catalog/datasets/pictogrammes-des-lignes-de-metro-rer-tramway-bus-et-noctilien/files/2159cbdcc2278f823053e6041bb47092
589-Tuvim-b,https://dataratp2.opendatasoft.com/api/v2/catalog/datasets/pictogrammes-des-lignes-de-metro-rer-tramway-bus-et-noctilien/files/5bdca9f79b4d3a097d93d4159f2eaf8d
597-l'Hirondelle,https://dataratp2.opendatasoft.com/api/v2/catalog/datasets/pictogrammes-des-lignes-de-metro-rer-tramway-bus-et-noctilien/files/e935af4bcac5e838e2f7bbecefff9850
597-l'Hirondelle-B,https://dataratp2.opendatasoft.com/api/v2/catalog/datasets/pictogrammes-des-lignes-de-metro-rer-tramway-bus-et-noctilien/files/834ad8b8dea3b80d76e4154b8598b743
M11,https://dataratp2.opendatasoft.com/api/v2/catalog/datasets/pictogrammes-des-lignes-de-metro-rer-tramway-bus-et-noctilien/files/8be0c682e26a63268213751e14f4b1b3
M7,https://dataratp2.opendatasoft.com/api/v2/catalog/datasets/pictogrammes-des-lignes-de-metro-rer-tramway-bus-et-noctilien/files/fe5e16d5170dada16f217cf04a00b8a7
M8,https://dataratp2.opendatasoft.com/api/v2/catalog/datasets/pictogrammes-des-lignes-de-metro-rer-tramway-bus-et-noctilien/files/0354db93c87c47dd969f3b27d6308de7
N131,https://dataratp2.opendatasoft.com/api/v2/catalog/datasets/pictogrammes-des-lignes-de-metro-rer-tramway-bus-et-noctilien/files/9c4ba720a725fec7b9328c20b3060c46
N140,https://dataratp2.opendatasoft.com/api/v2/catalog/datasets/pictogrammes-des-lignes-de-metro-rer-tramway-bus-et-noctilien/files/552f10c0aa011aeb58affdc3f3dc2be5
N142,https://dataratp2.opendatasoft.com/api/v2/catalog/datasets/pictogrammes-des-lignes-de-metro-rer-tramway-bus-et-noctilien/files/90a1899ef453001de095760636300e4f
N144,https://dataratp2.opendatasoft.com/api/v2/catalog/datasets/pictogrammes-des-lignes-de-metro-rer-tramway-bus-et-noctilien/files/81a3cbe3b6dd66732d20c4de7efd498a
N145,https://dataratp2.opendatasoft.com/api/v2/catalog/datasets/pictogrammes-des-lignes-de-metro-rer-tramway-bus-et-noctilien/files/a7c6bfa110420c8ceb15e26633261f31
N150,https://dataratp2.opendatasoft.com/api/v2/catalog/datasets/pictogrammes-des-lignes-de-metro-rer-tramway-bus-et-noctilien/files/ba18711c5a406259a16359cfbd2d54a3
N21,https://dataratp2.opendatasoft.com/api/v2/catalog/datasets/pictogrammes-des-lignes-de-metro-rer-tramway-bus-et-noctilien/files/d75f04757269139123e3d417f1ecb4c0
N23,https://dataratp2.opendatasoft.com/api/v2/catalog/datasets/pictogrammes-des-lignes-de-metro-rer-tramway-bus-et-noctilien/files/579f78798baa256914d3b35dac3f1035
N32,https://dataratp2.opendatasoft.com/api/v2/catalog/datasets/pictogrammes-des-lignes-de-metro-rer-tramway-bus-et-noctilien/files/8f98742c18969c183eadc40824c8fda8
N43,https://dataratp2.opendatasoft.com/api/v2/catalog/datasets/pictogrammes-des-lignes-de-metro-rer-tramway-bus-et-noctilien/files/1e221c99663435a7f8012c0def6bff8c
N45,https://dataratp2.opendatasoft.com/api/v2/catalog/datasets/pictogrammes-des-lignes-de-metro-rer-tramway-bus-et-noctilien/files/c7953a1328b68cd76c18205be1fddab6
N53,https://dataratp2.opendatasoft.com/api/v2/catalog/datasets/pictogrammes-des-lignes-de-metro-rer-tramway-bus-et-noctilien/files/61d973ded07c53eb652f43b9e98110a1
N71,https://dataratp2.opendatasoft.com/api/v2/catalog/datasets/pictogrammes-des-lignes-de-metro-rer-tramway-bus-et-noctilien/files/0ed4c4869329874acc0da99de79023ab
P15,https://dataratp2.opendatasoft.com/api/v2/catalog/datasets/pictogrammes-des-lignes-de-metro-rer-tramway-bus-et-noctilien/files/cf3b7f4107ad2b9718a5f5d312f21dab
P17-Hourtoule,https://dataratp2.opendatasoft.com/api/v2/catalog/datasets/pictogrammes-des-lignes-de-metro-rer-tramway-bus-et-noctilien/files/c0e40dfbc95b491035841f15f24d806f
P39,https://dataratp2.opendatasoft.com/api/v2/catalog/datasets/pictogrammes-des-lignes-de-metro-rer-tramway-bus-et-noctilien/files/bd79bc65507a5e81fed5cdea395257a4
P91,https://dataratp2.opendatasoft.com/api/v2/catalog/datasets/pictogrammes-des-lignes-de-metro-rer-tramway-bus-et-noctilien/files/f4f39a3b03f03f28a005bebe28685b38
T3b,https://dataratp2.opendatasoft.com/api/v2/catalog/datasets/pictogrammes-des-lignes-de-metro-rer-tramway-bus-et-noctilien/files/18c7e56611720a4f587f1f485a50e515
T5,https://dataratp2.opendatasoft.com/api/v2/catalog/datasets/pictogrammes-des-lignes-de-metro-rer-tramway-bus-et-noctilien/files/6b59357878e1f21f0b7ebee9be31ad61
TVM,https://dataratp2.opendatasoft.com/api/v2/catalog/datasets/pictogrammes-des-lignes-de-metro-rer-tramway-bus-et-noctilien/files/111fb142e1b332ddd56e0fef09223581
T,https://dataratp2.opendatasoft.com/api/v2/catalog/datasets/pictogrammes-des-lignes-de-metro-rer-tramway-bus-et-noctilien/files/5a55ed6939d07e742846269bc17933ba
R,https://dataratp2.opendatasoft.com/api/v2/catalog/datasets/pictogrammes-des-lignes-de-metro-rer-tramway-bus-et-noctilien/files/67b14e192b2f8dd27719e91dea20b551
Tr,https://dataratp2.opendatasoft.com/api/v2/catalog/datasets/pictogrammes-des-lignes-de-metro-rer-tramway-bus-et-noctilien/files/981c1a223b7dd32182bc39ae82c10f6f
21,https://dataratp2.opendatasoft.com/api/v2/catalog/datasets/pictogrammes-des-lignes-de-metro-rer-tramway-bus-et-noctilien/files/eb0103018588be8973a997ede1f6ad8e
22,https://dataratp2.opendatasoft.com/api/v2/catalog/datasets/pictogrammes-des-lignes-de-metro-rer-tramway-bus-et-noctilien/files/1da0d7fb9926b58f8e399ac21b98f8a9
25,https://dataratp2.opendatasoft.com/api/v2/catalog/datasets/pictogrammes-des-lignes-de-metro-rer-tramway-bus-et-noctilien/files/0a8c57f3dddb8ad5a297274b43017da1
30,https://dataratp2.opendatasoft.com/api/v2/catalog/datasets/pictogrammes-des-lignes-de-metro-rer-tramway-bus-et-noctilien/files/399cc9f373755f0f3e55360f25412c6d
31,https://dataratp2.opendatasoft.com/api/v2/catalog/datasets/pictogrammes-des-lignes-de-metro-rer-tramway-bus-et-noctilien/files/572effb1d062a0af995fe63908b9681b
43,https://dataratp2.opendatasoft.com/api/v2/catalog/datasets/pictogrammes-des-lignes-de-metro-rer-tramway-bus-et-noctilien/files/85a2f06df3fa458d4c6a90bf830da3c3
52,https://dataratp2.opendatasoft.com/api/v2/catalog/datasets/pictogrammes-des-lignes-de-metro-rer-tramway-bus-et-noctilien/files/ab530ba28832aed537088724962845e4
63,https://dataratp2.opendatasoft.com/api/v2/catalog/datasets/pictogrammes-des-lignes-de-metro-rer-tramway-bus-et-noctilien/files/1375be688796f7dc1fad84758d4e022b
69,https://dataratp2.opendatasoft.com/api/v2/catalog/datasets/pictogrammes-des-lignes-de-metro-rer-tramway-bus-et-noctilien/files/ef5ba57431371cd9d87e9e07f47fa2a8
80,https://dataratp2.opendatasoft.com/api/v2/catalog/datasets/pictogrammes-des-lignes-de-metro-rer-tramway-bus-et-noctilien/files/7d5891903e515b7b5b159f79019b6adf
93,https://dataratp2.opendatasoft.com/api/v2/catalog/datasets/pictogrammes-des-lignes-de-metro-rer-tramway-bus-et-noctilien/files/62aba5d8321f812bcc5fd9278af4cd2a
101,https://dataratp2.opendatasoft.com/api/v2/catalog/datasets/pictogrammes-des-lignes-de-metro-rer-tramway-bus-et-noctilien/files/7d6f0e27b6b1ccb878b8ec17e44e7b79
109,https://dataratp2.opendatasoft.com/api/v2/catalog/datasets/pictogrammes-des-lignes-de-metro-rer-tramway-bus-et-noctilien/files/0e713274c98b9396c8609753a78a0833
111,https://dataratp2.opendatasoft.com/api/v2/catalog/datasets/pictogrammes-des-lignes-de-metro-rer-tramway-bus-et-noctilien/files/f205d880f5a632e577c23c34417602c1
112,https://dataratp2.opendatasoft.com/api/v2/catalog/datasets/pictogrammes-des-lignes-de-metro-rer-tramway-bus-et-noctilien/files/e4c1b0525fe644bed8f5e96ac243bf1a
113,https://dataratp2.opendatasoft.com/api/v2/catalog/datasets/pictogrammes-des-lignes-de-metro-rer-tramway-bus-et-noctilien/files/4cd5dcae616e2a601952f7178f5636cc
117,https://dataratp2.opendatasoft.com/api/v2/catalog/datasets/pictogrammes-des-lignes-de-metro-rer-tramway-bus-et-noctilien/files/e620c0c1d999f5c2bcf413722e3ce666
121,https://dataratp2.opendatasoft.com/api/v2/catalog/datasets/pictogrammes-des-lignes-de-metro-rer-tramway-bus-et-noctilien/files/c92af47e0e1e0d9e5c5baaeb81c0aa34
128,https://dataratp2.opendatasoft.com/api/v2/catalog/datasets/pictogrammes-des-lignes-de-metro-rer-tramway-bus-et-noctilien/files/28e52e5f98a71209a4def22d868a2cb1
133,https://dataratp2.opendatasoft.com/api/v2/catalog/datasets/pictogrammes-des-lignes-de-metro-rer-tramway-bus-et-noctilien/files/8d116ce9b90bdee9b0822d700238d842
137,https://dataratp2.opendatasoft.com/api/v2/catalog/datasets/pictogrammes-des-lignes-de-metro-rer-tramway-bus-et-noctilien/files/ffcc5c557b1beaea24945860099dc7e9
150,https://dataratp2.opendatasoft.com/api/v2/catalog/datasets/pictogrammes-des-lignes-de-metro-rer-tramway-bus-et-noctilien/files/c6d53bbe85e4d048b114d117f4e04dc2
153,https://dataratp2.opendatasoft.com/api/v2/catalog/datasets/pictogrammes-des-lignes-de-metro-rer-tramway-bus-et-noctilien/files/42aa43957b5b5011c3628db69c4eb3f2
157,https://dataratp2.opendatasoft.com/api/v2/catalog/datasets/pictogrammes-des-lignes-de-metro-rer-tramway-bus-et-noctilien/files/d3efc7739cbde1ab7e8c86034066215a
160,https://dataratp2.opendatasoft.com/api/v2/catalog/datasets/pictogrammes-des-lignes-de-metro-rer-tramway-bus-et-noctilien/files/324b98f44979016e8eee854629eebd58
161,https://dataratp2.opendatasoft.com/api/v2/catalog/datasets/pictogrammes-des-lignes-de-metro-rer-tramway-bus-et-noctilien/files/c4e62ea79f3e8c79ef22c060bb0010ea
175,https://dataratp2.opendatasoft.com/api/v2/catalog/datasets/pictogrammes-des-lignes-de-metro-rer-tramway-bus-et-noctilien/files/a9b55b00ef53b04acea4f94792243db7
176,https://dataratp2.opendatasoft.com/api/v2/catalog/datasets/pictogrammes-des-lignes-de-metro-rer-tramway-bus-et-noctilien/files/5f126df117836dd8f56d97b9f5db6eb3
178,https://dataratp2.opendatasoft.com/api/v2/catalog/datasets/pictogrammes-des-lignes-de-metro-rer-tramway-bus-et-noctilien/files/65801f7fa5d3168d76a5a149e2ea65f5
179,https://dataratp2.opendatasoft.com/api/v2/catalog/datasets/pictogrammes-des-lignes-de-metro-rer-tramway-bus-et-noctilien/files/5be471bd2ba36506871cca15cf9cd12c
184,https://dataratp2.opendatasoft.com/api/v2/catalog/datasets/pictogrammes-des-lignes-de-metro-rer-tramway-bus-et-noctilien/files/c506b901f7f0191ad042ee201d3e175c
185,https://dataratp2.opendatasoft.com/api/v2/catalog/datasets/pictogrammes-des-lignes-de-metro-rer-tramway-bus-et-noctilien/files/72d2a7ae1800330e2e112d8e9a214665
186,https://dataratp2.opendatasoft.com/api/v2/catalog/datasets/pictogrammes-des-lignes-de-metro-rer-tramway-bus-et-noctilien/files/3546c4d119867261a40a8aea4037e4c9
196,https://dataratp2.opendatasoft.com/api/v2/catalog/datasets/pictogrammes-des-lignes-de-metro-rer-tramway-bus-et-noctilien/files/cbf50e80a629f1fea39af76d8c157495
197,https://dataratp2.opendatasoft.com/api/v2/catalog/datasets/pictogrammes-des-lignes-de-metro-rer-tramway-bus-et-noctilien/files/a1d3be367035bcd215660a3e34c521fa
206,https://dataratp2.opendatasoft.com/api/v2/catalog/datasets/pictogrammes-des-lignes-de-metro-rer-tramway-bus-et-noctilien/files/ea79bdb51789923c7bbeb67df1cf63a8
214,https://dataratp2.opendatasoft.com/api/v2/catalog/datasets/pictogrammes-des-lignes-de-metro-rer-tramway-bus-et-noctilien/files/1f3dc576ef678e58558682d93ad8839d
215,https://dataratp2.opendatasoft.com/api/v2/catalog/datasets/pictogrammes-des-lignes-de-metro-rer-tramway-bus-et-noctilien/files/784bc377e87c0d4eec54e7037e6931e8
217,https://dataratp2.opendatasoft.com/api/v2/catalog/datasets/pictogrammes-des-lignes-de-metro-rer-tramway-bus-et-noctilien/files/71edd68aa0f174637266d1a2d2fecb09
234,https://dataratp2.opendatasoft.com/api/v2/catalog/datasets/pictogrammes-des-lignes-de-metro-rer-tramway-bus-et-noctilien/files/e08c5dca88b2c402ee85420a7f5dffeb
239,https://dataratp2.opendatasoft.com/api/v2/catalog/datasets/pictogrammes-des-lignes-de-metro-rer-tramway-bus-et-noctilien/files/1e90a213bb1be5774b8d5c4dcdd2b9f3
241,https://dataratp2.opendatasoft.com/api/v2/catalog/datasets/pictogrammes-des-lignes-de-metro-rer-tramway-bus-et-noctilien/files/43362edc5eaec8276d5e11f9f790e22c
247,https://dataratp2.opendatasoft.com/api/v2/catalog/datasets/pictogrammes-des-lignes-de-metro-rer-tramway-bus-et-noctilien/files/074a1c3578199e3075b4839a0e767e74
256,https://dataratp2.opendatasoft.com/api/v2/catalog/datasets/pictogrammes-des-lignes-de-metro-rer-tramway-bus-et-noctilien/files/49e6d393402e714fdf2ee7cde0b2f66e
269,https://dataratp2.opendatasoft.com/api/v2/catalog/datasets/pictogrammes-des-lignes-de-metro-rer-tramway-bus-et-noctilien/files/01f05747c98aae4353202f44f9cc5ea9
276,https://dataratp2.opendatasoft.com/api/v2/catalog/datasets/pictogrammes-des-lignes-de-metro-rer-tramway-bus-et-noctilien/files/00174e0fce2f35efdf0dd39815abe870
299,https://dataratp2.opendatasoft.com/api/v2/catalog/datasets/pictogrammes-des-lignes-de-metro-rer-tramway-bus-et-noctilien/files/4cd47af65e503fdc2bf7617d3c2f6a25
301,https://dataratp2.opendatasoft.com/api/v2/catalog/datasets/pictogrammes-des-lignes-de-metro-rer-tramway-bus-et-noctilien/files/fe9d740e48d903c10b34441fc2ed4f21
306,https://dataratp2.opendatasoft.com/api/v2/catalog/datasets/pictogrammes-des-lignes-de-metro-rer-tramway-bus-et-noctilien/files/0065141fc48a175d5a89438d463380f1
312,https://dataratp2.opendatasoft.com/api/v2/catalog/datasets/pictogrammes-des-lignes-de-metro-rer-tramway-bus-et-noctilien/files/d1070e21a3b9da43d53d2632a9fb8ec8
317,https://dataratp2.opendatasoft.com/api/v2/catalog/datasets/pictogrammes-des-lignes-de-metro-rer-tramway-bus-et-noctilien/files/253b26ceda98bed1003961d96bce9d1e
320,https://dataratp2.opendatasoft.com/api/v2/catalog/datasets/pictogrammes-des-lignes-de-metro-rer-tramway-bus-et-noctilien/files/a50c1cd8b681a7fdebc4a2cfcd11e081
330,https://dataratp2.opendatasoft.com/api/v2/catalog/datasets/pictogrammes-des-lignes-de-metro-rer-tramway-bus-et-noctilien/files/bad0fc412245d35894a6a9bbb0c63b0f
333,https://dataratp2.opendatasoft.com/api/v2/catalog/datasets/pictogrammes-des-lignes-de-metro-rer-tramway-bus-et-noctilien/files/941d769abc0e335f15892c0ac75258ca
352,https://dataratp2.opendatasoft.com/api/v2/catalog/datasets/pictogrammes-des-lignes-de-metro-rer-tramway-bus-et-noctilien/files/1f9c96efc172aeaed29dd929e21db8e3
355,https://dataratp2.opendatasoft.com/api/v2/catalog/datasets/pictogrammes-des-lignes-de-metro-rer-tramway-bus-et-noctilien/files/2364992e1355045bdd459e55a99b5d91
360,https://dataratp2.opendatasoft.com/api/v2/catalog/datasets/pictogrammes-des-lignes-de-metro-rer-tramway-bus-et-noctilien/files/50e6ec2229051cfbcf04b5362513b2dd
361,https://dataratp2.opendatasoft.com/api/v2/catalog/datasets/pictogrammes-des-lignes-de-metro-rer-tramway-bus-et-noctilien/files/d555667713ea3187cc556d2598e34cf6
366,https://dataratp2.opendatasoft.com/api/v2/catalog/datasets/pictogrammes-des-lignes-de-metro-rer-tramway-bus-et-noctilien/files/4f9976b0365d0ccd96b666912e759365
368,https://dataratp2.opendatasoft.com/api/v2/catalog/datasets/pictogrammes-des-lignes-de-metro-rer-tramway-bus-et-noctilien/files/6a6d62339343da4c3b7f9f40ec0e45f3
372,https://dataratp2.opendatasoft.com/api/v2/catalog/datasets/pictogrammes-des-lignes-de-metro-rer-tramway-bus-et-noctilien/files/ae26af175c288489b543ccb455b9c153
378,https://dataratp2.opendatasoft.com/api/v2/catalog/datasets/pictogrammes-des-lignes-de-metro-rer-tramway-bus-et-noctilien/files/58e44361a179fa1b477cc9a092483248
379,https://dataratp2.opendatasoft.com/api/v2/catalog/datasets/pictogrammes-des-lignes-de-metro-rer-tramway-bus-et-noctilien/files/fad9458e0efc77cb6c7d33ae2506a4e8
389,https://dataratp2.opendatasoft.com/api/v2/catalog/datasets/pictogrammes-des-lignes-de-metro-rer-tramway-bus-et-noctilien/files/c1e44dd65956ddd8d9824c9508624309
395,https://dataratp2.opendatasoft.com/api/v2/catalog/datasets/pictogrammes-des-lignes-de-metro-rer-tramway-bus-et-noctilien/files/1ecf9c64cb8fd20ec56f353e0d93de0b
469,https://dataratp2.opendatasoft.com/api/v2/catalog/datasets/pictogrammes-des-lignes-de-metro-rer-tramway-bus-et-noctilien/files/dad354c27d08d7f0fd702337dae611a3
486,https://dataratp2.opendatasoft.com/api/v2/catalog/datasets/pictogrammes-des-lignes-de-metro-rer-tramway-bus-et-noctilien/files/58d4397bdf47b4de1e75dc40f0d7b64c
487,https://dataratp2.opendatasoft.com/api/v2/catalog/datasets/pictogrammes-des-lignes-de-metro-rer-tramway-bus-et-noctilien/files/ad85b19398cdaf208b3b5866d776204c
495,https://dataratp2.opendatasoft.com/api/v2/catalog/datasets/pictogrammes-des-lignes-de-metro-rer-tramway-bus-et-noctilien/files/c4cd0195fc2a608b85900054d7cdfe6f
499,https://dataratp2.opendatasoft.com/api/v2/catalog/datasets/pictogrammes-des-lignes-de-metro-rer-tramway-bus-et-noctilien/files/2ba0012a7826d3f076e5d1986ce61b4b
515,https://dataratp2.opendatasoft.com/api/v2/catalog/datasets/pictogrammes-des-lignes-de-metro-rer-tramway-bus-et-noctilien/files/8e263795fcfaf8ef321d6c4d74a2ac91
520,https://dataratp2.opendatasoft.com/api/v2/catalog/datasets/pictogrammes-des-lignes-de-metro-rer-tramway-bus-et-noctilien/files/e250165b7810b336612464e36c1121fb
526,https://dataratp2.opendatasoft.com/api/v2/catalog/datasets/pictogrammes-des-lignes-de-metro-rer-tramway-bus-et-noctilien/files/a78e0ba1c13bf741e21c247b983dd072
528,https://dataratp2.opendatasoft.com/api/v2/catalog/datasets/pictogrammes-des-lignes-de-metro-rer-tramway-bus-et-noctilien/files/8a356f67d4848c4a2ae73cadd217b2df
577,https://dataratp2.opendatasoft.com/api/v2/catalog/datasets/pictogrammes-des-lignes-de-metro-rer-tramway-bus-et-noctilien/files/213617a1d1d7e9b733cb6bf4b1510835
579,https://dataratp2.opendatasoft.com/api/v2/catalog/datasets/pictogrammes-des-lignes-de-metro-rer-tramway-bus-et-noctilien/files/e1a74fcef6d42851a7ae576bf16757da
594,https://dataratp2.opendatasoft.com/api/v2/catalog/datasets/pictogrammes-des-lignes-de-metro-rer-tramway-bus-et-noctilien/files/5cf5085a1c694da41a26a6e886799e48
595,https://dataratp2.opendatasoft.com/api/v2/catalog/datasets/pictogrammes-des-lignes-de-metro-rer-tramway-bus-et-noctilien/files/507d1a534007422288390696398557ba
607,https://dataratp2.opendatasoft.com/api/v2/catalog/datasets/pictogrammes-des-lignes-de-metro-rer-tramway-bus-et-noctilien/files/aa108e25cbe4567919c98fc567b3e4b8
615,https://dataratp2.opendatasoft.com/api/v2/catalog/datasets/pictogrammes-des-lignes-de-metro-rer-tramway-bus-et-noctilien/files/8c14c265f807df572c445b94b0be8c52
637,https://dataratp2.opendatasoft.com/api/v2/catalog/datasets/pictogrammes-des-lignes-de-metro-rer-tramway-bus-et-noctilien/files/c25619c12916a42ccf334d8f301fb727
645,https://dataratp2.opendatasoft.com/api/v2/catalog/datasets/pictogrammes-des-lignes-de-metro-rer-tramway-bus-et-noctilien/files/05b0414554b3f5108a41496f50b980e0
900,https://dataratp2.opendatasoft.com/api/v2/catalog/datasets/pictogrammes-des-lignes-de-metro-rer-tramway-bus-et-noctilien/files/a84bb1e585cb899a510ff0eb594330ff
903,https://dataratp2.opendatasoft.com/api/v2/catalog/datasets/pictogrammes-des-lignes-de-metro-rer-tramway-bus-et-noctilien/files/bfb6d0e93bb15fa1dd0d6d43f53a805c
208a,https://dataratp2.opendatasoft.com/api/v2/catalog/datasets/pictogrammes-des-lignes-de-metro-rer-tramway-bus-et-noctilien/files/f088cd72d77fce09e64981ef87f5e554
208s,https://dataratp2.opendatasoft.com/api/v2/catalog/datasets/pictogrammes-des-lignes-de-metro-rer-tramway-bus-et-noctilien/files/b88f0d8823e712fe18502839581ec216
559b,https://dataratp2.opendatasoft.com/api/v2/catalog/datasets/pictogrammes-des-lignes-de-metro-rer-tramway-bus-et-noctilien/files/6d38a973985cbadaff27ea889e1d9d39
574-TUC-O,https://dataratp2.opendatasoft.com/api/v2/catalog/datasets/pictogrammes-des-lignes-de-metro-rer-tramway-bus-et-noctilien/files/d777bb8b93c7501a4bc17307016f9dbc
580-t-igr,https://dataratp2.opendatasoft.com/api/v2/catalog/datasets/pictogrammes-des-lignes-de-metro-rer-tramway-bus-et-noctilien/files/6746e242cd0cd177087f1be5693b8e0f
funiculaire,https://dataratp2.opendatasoft.com/api/v2/catalog/datasets/pictogrammes-des-lignes-de-metro-rer-tramway-bus-et-noctilien/files/3e5acfe7271351f7d38fb4d5b3f27245
M12,https://dataratp2.opendatasoft.com/api/v2/catalog/datasets/pictogrammes-des-lignes-de-metro-rer-tramway-bus-et-noctilien/files/cc97115fd1b2c8455909e8f597c3cd2d
M3,https://dataratp2.opendatasoft.com/api/v2/catalog/datasets/pictogrammes-des-lignes-de-metro-rer-tramway-bus-et-noctilien/files/43380d242d25cc900f2536c7ca6f2262
M7bis,https://dataratp2.opendatasoft.com/api/v2/catalog/datasets/pictogrammes-des-lignes-de-metro-rer-tramway-bus-et-noctilien/files/2900b983d51e6d9793c9f76539c8d131
N02,https://dataratp2.opendatasoft.com/api/v2/catalog/datasets/pictogrammes-des-lignes-de-metro-rer-tramway-bus-et-noctilien/files/ad6afbf9ce5ef6fa84faef4e0d7b9dbe
N122,https://dataratp2.opendatasoft.com/api/v2/catalog/datasets/pictogrammes-des-lignes-de-metro-rer-tramway-bus-et-noctilien/files/24fac9959db0f8be9c813c726fd04d8a
N130,https://dataratp2.opendatasoft.com/api/v2/catalog/datasets/pictogrammes-des-lignes-de-metro-rer-tramway-bus-et-noctilien/files/aefd0fc4a543de0c949aab26c01b16b9
N14,https://dataratp2.opendatasoft.com/api/v2/catalog/datasets/pictogrammes-des-lignes-de-metro-rer-tramway-bus-et-noctilien/files/9694de89c6bde3a199ffcaf2a5679811
N151,https://dataratp2.opendatasoft.com/api/v2/catalog/datasets/pictogrammes-des-lignes-de-metro-rer-tramway-bus-et-noctilien/files/b6de11cae2f4092183e93bc6203f184c
N152,https://dataratp2.opendatasoft.com/api/v2/catalog/datasets/pictogrammes-des-lignes-de-metro-rer-tramway-bus-et-noctilien/files/ddfc42551aa0798578ce46f3439c5d38
N153,https://dataratp2.opendatasoft.com/api/v2/catalog/datasets/pictogrammes-des-lignes-de-metro-rer-tramway-bus-et-noctilien/files/df89f4239e828610ee7f973b65cb1f0f
N154,https://dataratp2.opendatasoft.com/api/v2/catalog/datasets/pictogrammes-des-lignes-de-metro-rer-tramway-bus-et-noctilien/files/28b22e952ded35d7d4b462e0e3b436e7
N22,https://dataratp2.opendatasoft.com/api/v2/catalog/datasets/pictogrammes-des-lignes-de-metro-rer-tramway-bus-et-noctilien/files/7328c8034e72bc8569231708fa6afc1f
N33,https://dataratp2.opendatasoft.com/api/v2/catalog/datasets/pictogrammes-des-lignes-de-metro-rer-tramway-bus-et-noctilien/files/633714a72d3487855ab6dc05e302b123
N41,https://dataratp2.opendatasoft.com/api/v2/catalog/datasets/pictogrammes-des-lignes-de-metro-rer-tramway-bus-et-noctilien/files/5bebd00685acb9442f87f90dbbdf62d9
N44,https://dataratp2.opendatasoft.com/api/v2/catalog/datasets/pictogrammes-des-lignes-de-metro-rer-tramway-bus-et-noctilien/files/b3e9ae4cbe1899426a5571bbb8181d8c
N66,https://dataratp2.opendatasoft.com/api/v2/catalog/datasets/pictogrammes-des-lignes-de-metro-rer-tramway-bus-et-noctilien/files/9afca7d017ee50c6014c980109df20c0
P20-MOBICAPS,https://dataratp2.opendatasoft.com/api/v2/catalog/datasets/pictogrammes-des-lignes-de-metro-rer-tramway-bus-et-noctilien/files/1990f34424e3a568d052db6367b9fdeb
P24,https://dataratp2.opendatasoft.com/api/v2/catalog/datasets/pictogrammes-des-lignes-de-metro-rer-tramway-bus-et-noctilien/files/57fd3e239c36a03c699b3b18db64dffd
P40-Phebus,https://dataratp2.opendatasoft.com/api/v2/catalog/datasets/pictogrammes-des-lignes-de-metro-rer-tramway-bus-et-noctilien/files/9e18d2631d17568c9dd20f193e018675
P50,https://dataratp2.opendatasoft.com/api/v2/catalog/datasets/pictogrammes-des-lignes-de-metro-rer-tramway-bus-et-noctilien/files/a2cd63428d0df3d1a56580face0a8d4a
28,https://dataratp2.opendatasoft.com/api/v2/catalog/datasets/pictogrammes-des-lignes-de-metro-rer-tramway-bus-et-noctilien/files/33bb1b9cb6cda5cffab1226667e61af2
29,https://dataratp2.opendatasoft.com/api/v2/catalog/datasets/pictogrammes-des-lignes-de-metro-rer-tramway-bus-et-noctilien/files/ed329e929befca5c09b61cc426e5a3a3
39,https://dataratp2.opendatasoft.com/api/v2/catalog/datasets/pictogrammes-des-lignes-de-metro-rer-tramway-bus-et-noctilien/files/8fe31d546e1c21d5bdac8730f576449d
57,https://dataratp2.opendatasoft.com/api/v2/catalog/datasets/pictogrammes-des-lignes-de-metro-rer-tramway-bus-et-noctilien/files/72fcbb2b2a63ca567c0bf1022dc65c2b
59,https://dataratp2.opendatasoft.com/api/v2/catalog/datasets/pictogrammes-des-lignes-de-metro-rer-tramway-bus-et-noctilien/files/49b13b9c73557ef2060127f268b44d8c
64,https://dataratp2.opendatasoft.com/api/v2/catalog/datasets/pictogrammes-des-lignes-de-metro-rer-tramway-bus-et-noctilien/files/c156b7f382f528cb71fb1d936ce3786a
66,https://dataratp2.opendatasoft.com/api/v2/catalog/datasets/pictogrammes-des-lignes-de-metro-rer-tramway-bus-et-noctilien/files/8d8c8c495327daf1d39a69b432d15e12
71,https://dataratp2.opendatasoft.com/api/v2/catalog/datasets/pictogrammes-des-lignes-de-metro-rer-tramway-bus-et-noctilien/files/168c6b9c2cb625a3e92a653beca6dc7b
75,https://dataratp2.opendatasoft.com/api/v2/catalog/datasets/pictogrammes-des-lignes-de-metro-rer-tramway-bus-et-noctilien/files/696203391ea5434cbdea52d3692e3780
76,https://dataratp2.opendatasoft.com/api/v2/catalog/datasets/pictogrammes-des-lignes-de-metro-rer-tramway-bus-et-noctilien/files/a9f310ac4d4fe22742c747c051ef55e5
85,https://dataratp2.opendatasoft.com/api/v2/catalog/datasets/pictogrammes-des-lignes-de-metro-rer-tramway-bus-et-noctilien/files/4eb2ddc8487b773e63076299293bd161
94,https://dataratp2.opendatasoft.com/api/v2/catalog/datasets/pictogrammes-des-lignes-de-metro-rer-tramway-bus-et-noctilien/files/633e0c10bb17a11fee4ba9b6b23cab13
96,https://dataratp2.opendatasoft.com/api/v2/catalog/datasets/pictogrammes-des-lignes-de-metro-rer-tramway-bus-et-noctilien/files/05a77a23f8ad48b5acd49b602ae57fcd
98,https://dataratp2.opendatasoft.com/api/v2/catalog/datasets/pictogrammes-des-lignes-de-metro-rer-tramway-bus-et-noctilien/files/ab73fc1cd8778d1aaf00875b3a269e32
120,https://dataratp2.opendatasoft.com/api/v2/catalog/datasets/pictogrammes-des-lignes-de-metro-rer-tramway-bus-et-noctilien/files/b4b7280f15d8280c8dd68dc3c4678d7f
123,https://dataratp2.opendatasoft.com/api/v2/catalog/datasets/pictogrammes-des-lignes-de-metro-rer-tramway-bus-et-noctilien/files/6ea9f325e5e5c9479f81bb660e114fd7
125,https://dataratp2.opendatasoft.com/api/v2/catalog/datasets/pictogrammes-des-lignes-de-metro-rer-tramway-bus-et-noctilien/files/2634891a35e55b5eeb09332b353806da
126,https://dataratp2.opendatasoft.com/api/v2/catalog/datasets/pictogrammes-des-lignes-de-metro-rer-tramway-bus-et-noctilien/files/49b4356848c57a9a11af1dfba3db531e
129,https://dataratp2.opendatasoft.com/api/v2/catalog/datasets/pictogrammes-des-lignes-de-metro-rer-tramway-bus-et-noctilien/files/fe7761e4929f0bf6a90f24323ff19f1a
139,https://dataratp2.opendatasoft.com/api/v2/catalog/datasets/pictogrammes-des-lignes-de-metro-rer-tramway-bus-et-noctilien/files/aff77bddd8dbfeec82a670b97d9d1336
143,https://dataratp2.opendatasoft.com/api/v2/catalog/datasets/pictogrammes-des-lignes-de-metro-rer-tramway-bus-et-noctilien/files/2cf8fc66d519bbe45736b60679a5ac09
145,https://dataratp2.opendatasoft.com/api/v2/catalog/datasets/pictogrammes-des-lignes-de-metro-rer-tramway-bus-et-noctilien/files/ebf795e9631bb27dfa342fed60ffbdf5
146,https://dataratp2.opendatasoft.com/api/v2/catalog/datasets/pictogrammes-des-lignes-de-metro-rer-tramway-bus-et-noctilien/files/c47b21d512cc428a9e6ac77cc75243ef
172,https://dataratp2.opendatasoft.com/api/v2/catalog/datasets/pictogrammes-des-lignes-de-metro-rer-tramway-bus-et-noctilien/files/8e288e137f13035780192998425cee82
187,https://dataratp2.opendatasoft.com/api/v2/catalog/datasets/pictogrammes-des-lignes-de-metro-rer-tramway-bus-et-noctilien/files/33c4774d0d037e19c4f3f01d08cec593
188,https://dataratp2.opendatasoft.com/api/v2/catalog/datasets/pictogrammes-des-lignes-de-metro-rer-tramway-bus-et-noctilien/files/ebc8b3a9770d76bd3b2ad9c8226c2eec
189,https://dataratp2.opendatasoft.com/api/v2/catalog/datasets/pictogrammes-des-lignes-de-metro-rer-tramway-bus-et-noctilien/files/f8c8e691506623b6b964d4c9830206e4
195,https://dataratp2.opendatasoft.com/api/v2/catalog/datasets/pictogrammes-des-lignes-de-metro-rer-tramway-bus-et-noctilien/files/17a8710533b6e78987e3398d0eeffe5c
237,https://dataratp2.opendatasoft.com/api/v2/catalog/datasets/pictogrammes-des-lignes-de-metro-rer-tramway-bus-et-noctilien/files/8d0d0f154497133f1d694551710454ac
238,https://dataratp2.opendatasoft.com/api/v2/catalog/datasets/pictogrammes-des-lignes-de-metro-rer-tramway-bus-et-noctilien/files/0c97d3c1b30cfbc4d670d89f21ff138c
244,https://dataratp2.opendatasoft.com/api/v2/catalog/datasets/pictogrammes-des-lignes-de-metro-rer-tramway-bus-et-noctilien/files/5153012357a2e8901d0d4ea69b40da27
251,https://dataratp2.opendatasoft.com/api/v2/catalog/datasets/pictogrammes-des-lignes-de-metro-rer-tramway-bus-et-noctilien/files/46b38a4834b02c3bb92b91b4fe95d80c
259,https://dataratp2.opendatasoft.com/api/v2/catalog/datasets/pictogrammes-des-lignes-de-metro-rer-tramway-bus-et-noctilien/files/76a79049caef11b156febf94036dcb32
270,https://dataratp2.opendatasoft.com/api/v2/catalog/datasets/pictogrammes-des-lignes-de-metro-rer-tramway-bus-et-noctilien/files/99264b4420f1a08daadf88b477bc6738
279,https://dataratp2.opendatasoft.com/api/v2/catalog/datasets/pictogrammes-des-lignes-de-metro-rer-tramway-bus-et-noctilien/files/f497826fbd1ceda6346bc48623f2f377
289,https://dataratp2.opendatasoft.com/api/v2/catalog/datasets/pictogrammes-des-lignes-de-metro-rer-tramway-bus-et-noctilien/files/49e18e2332b8c21a41930aa025ff997a
290,https://dataratp2.opendatasoft.com/api/v2/catalog/datasets/pictogrammes-des-lignes-de-metro-rer-tramway-bus-et-noctilien/files/645c9fd755dab51ad4733b35fdb32856
292,https://dataratp2.opendatasoft.com/api/v2/catalog/datasets/pictogrammes-des-lignes-de-metro-rer-tramway-bus-et-noctilien/files/169f3c33a1e8140efd2d1a758df06bde
294,https://dataratp2.opendatasoft.com/api/v2/catalog/datasets/pictogrammes-des-lignes-de-metro-rer-tramway-bus-et-noctilien/files/b84bbbb3d1d4a18761956048168ea5e5
310,https://dataratp2.opendatasoft.com/api/v2/catalog/datasets/pictogrammes-des-lignes-de-metro-rer-tramway-bus-et-noctilien/files/ed02c36eaef9a855f63f0b266d6dee66
318,https://dataratp2.opendatasoft.com/api/v2/catalog/datasets/pictogrammes-des-lignes-de-metro-rer-tramway-bus-et-noctilien/files/89724f3098501747490309fa385f0ec3
334,https://dataratp2.opendatasoft.com/api/v2/catalog/datasets/pictogrammes-des-lignes-de-metro-rer-tramway-bus-et-noctilien/files/b38e38a1c17211a920e07e4827f758c9
347,https://dataratp2.opendatasoft.com/api/v2/catalog/datasets/pictogrammes-des-lignes-de-metro-rer-tramway-bus-et-noctilien/files/98b40c0f84b7ce27dad63ad438a03625
356,https://dataratp2.opendatasoft.com/api/v2/catalog/datasets/pictogrammes-des-lignes-de-metro-rer-tramway-bus-et-noctilien/files/d9c0e1df3a704855de8f04426ae0316a
363,https://dataratp2.opendatasoft.com/api/v2/catalog/datasets/pictogrammes-des-lignes-de-metro-rer-tramway-bus-et-noctilien/files/e56f766042b2e86e12e587c736e7d110
390,https://dataratp2.opendatasoft.com/api/v2/catalog/datasets/pictogrammes-des-lignes-de-metro-rer-tramway-bus-et-noctilien/files/75d947d6777d2590eb37ffc2dd135e37
394,https://dataratp2.opendatasoft.com/api/v2/catalog/datasets/pictogrammes-des-lignes-de-metro-rer-tramway-bus-et-noctilien/files/e35421c92ff66c2a792fe27a316f41fc
427,https://dataratp2.opendatasoft.com/api/v2/catalog/datasets/pictogrammes-des-lignes-de-metro-rer-tramway-bus-et-noctilien/files/154e7d7244817d58ee087e0cfb42e624
428,https://dataratp2.opendatasoft.com/api/v2/catalog/datasets/pictogrammes-des-lignes-de-metro-rer-tramway-bus-et-noctilien/files/517428be8a7ddb27d07c29427c4f906d
460,https://dataratp2.opendatasoft.com/api/v2/catalog/datasets/pictogrammes-des-lignes-de-metro-rer-tramway-bus-et-noctilien/files/ad5ef90b496cf34c67e2de8d34756456
467,https://dataratp2.opendatasoft.com/api/v2/catalog/datasets/pictogrammes-des-lignes-de-metro-rer-tramway-bus-et-noctilien/files/1595ebf7708161c3cc2e83c3c99b2774
485,https://dataratp2.opendatasoft.com/api/v2/catalog/datasets/pictogrammes-des-lignes-de-metro-rer-tramway-bus-et-noctilien/files/a1f17c8869ad4081a51a683afb439327
496,https://dataratp2.opendatasoft.com/api/v2/catalog/datasets/pictogrammes-des-lignes-de-metro-rer-tramway-bus-et-noctilien/files/cc1d8e7ecd26c12c7c0c75e34f8c4979
512,https://dataratp2.opendatasoft.com/api/v2/catalog/datasets/pictogrammes-des-lignes-de-metro-rer-tramway-bus-et-noctilien/files/84ee082bf74df10910d0094d7e387a38
518,https://dataratp2.opendatasoft.com/api/v2/catalog/datasets/pictogrammes-des-lignes-de-metro-rer-tramway-bus-et-noctilien/files/c246cce1223d743211af20b791810b67
560,https://dataratp2.opendatasoft.com/api/v2/catalog/datasets/pictogrammes-des-lignes-de-metro-rer-tramway-bus-et-noctilien/files/e68afafa53b1bb2f20c7f3c48bb0f4df
571,https://dataratp2.opendatasoft.com/api/v2/catalog/datasets/pictogrammes-des-lignes-de-metro-rer-tramway-bus-et-noctilien/files/d5bc960e1c0b13a19da70b69853da212
573,https://dataratp2.opendatasoft.com/api/v2/catalog/datasets/pictogrammes-des-lignes-de-metro-rer-tramway-bus-et-noctilien/files/262a7eaaa41fd0866c8d0fe250db4833
578,https://dataratp2.opendatasoft.com/api/v2/catalog/datasets/pictogrammes-des-lignes-de-metro-rer-tramway-bus-et-noctilien/files/ff01adacf5357fc0dcf653f9f7b4e8b4
583,https://dataratp2.opendatasoft.com/api/v2/catalog/datasets/pictogrammes-des-lignes-de-metro-rer-tramway-bus-et-noctilien/files/cc234d07a7cb87ed23fa96ee14aada53
587,https://dataratp2.opendatasoft.com/api/v2/catalog/datasets/pictogrammes-des-lignes-de-metro-rer-tramway-bus-et-noctilien/files/41dcb9aec70a9bdd0b058a5f7dcd64b1
592,https://dataratp2.opendatasoft.com/api/v2/catalog/datasets/pictogrammes-des-lignes-de-metro-rer-tramway-bus-et-noctilien/files/514f5a25b45fdca3baa8e4d603dcb90e
603,https://dataratp2.opendatasoft.com/api/v2/catalog/datasets/pictogrammes-des-lignes-de-metro-rer-tramway-bus-et-noctilien/files/485fb2f3e9f361bbb4c3379b3e062a11
640,https://dataratp2.opendatasoft.com/api/v2/catalog/datasets/pictogrammes-des-lignes-de-metro-rer-tramway-bus-et-noctilien/files/51489cf2e26c9938ecc691ffa872f938
320a,https://dataratp2.opendatasoft.com/api/v2/catalog/datasets/pictogrammes-des-lignes-de-metro-rer-tramway-bus-et-noctilien/files/5e00f4507049e85bbd5344754bc16198
320b,https://dataratp2.opendatasoft.com/api/v2/catalog/datasets/pictogrammes-des-lignes-de-metro-rer-tramway-bus-et-noctilien/files/88f78acb63d594ee92e24c889d041a3c
584-Valouette-V5-perv,https://dataratp2.opendatasoft.com/api/v2/catalog/datasets/pictogrammes-des-lignes-de-metro-rer-tramway-bus-et-noctilien/files/dfbea10501adc4a30914cbd516af71d9
589-Tuvim-a,https://dataratp2.opendatasoft.com/api/v2/catalog/datasets/pictogrammes-des-lignes-de-metro-rer-tramway-bus-et-noctilien/files/b192b1bfd3939ae1caeac0ce72063038
M10,https://dataratp2.opendatasoft.com/api/v2/catalog/datasets/pictogrammes-des-lignes-de-metro-rer-tramway-bus-et-noctilien/files/f63c728fb13bf7787f83646ca21f9213
M13,https://dataratp2.opendatasoft.com/api/v2/catalog/datasets/pictogrammes-des-lignes-de-metro-rer-tramway-bus-et-noctilien/files/69073ebf06400067d70bad19ca26dd02
M3bis,https://dataratp2.opendatasoft.com/api/v2/catalog/datasets/pictogrammes-des-lignes-de-metro-rer-tramway-bus-et-noctilien/files/6a0f2ed4291b86f5c27f4110d719f2a7
N01,https://dataratp2.opendatasoft.com/api/v2/catalog/datasets/pictogrammes-des-lignes-de-metro-rer-tramway-bus-et-noctilien/files/e151323663887e956d8e653b86f1a327
N134,https://dataratp2.opendatasoft.com/api/v2/catalog/datasets/pictogrammes-des-lignes-de-metro-rer-tramway-bus-et-noctilien/files/a044f7fc918aa282d22ac7f483ed6177
N141,https://dataratp2.opendatasoft.com/api/v2/catalog/datasets/pictogrammes-des-lignes-de-metro-rer-tramway-bus-et-noctilien/files/57142e23bd83951a6313a789fa7e728c
N15,https://dataratp2.opendatasoft.com/api/v2/catalog/datasets/pictogrammes-des-lignes-de-metro-rer-tramway-bus-et-noctilien/files/d95384b3ce8d7cac618216fa2e59ff48
N16,https://dataratp2.opendatasoft.com/api/v2/catalog/datasets/pictogrammes-des-lignes-de-metro-rer-tramway-bus-et-noctilien/files/3d1dab87f4368223c7fbf93ee486922f
N51,https://dataratp2.opendatasoft.com/api/v2/catalog/datasets/pictogrammes-des-lignes-de-metro-rer-tramway-bus-et-noctilien/files/a70a21ec7a3d74d13d1b8447c2ccd950
N52,https://dataratp2.opendatasoft.com/api/v2/catalog/datasets/pictogrammes-des-lignes-de-metro-rer-tramway-bus-et-noctilien/files/093b440493a6e7364fd149691ffbc958
N61,https://dataratp2.opendatasoft.com/api/v2/catalog/datasets/pictogrammes-des-lignes-de-metro-rer-tramway-bus-et-noctilien/files/20dae00a7bebe440440010f034e6f264
N63,https://dataratp2.opendatasoft.com/api/v2/catalog/datasets/pictogrammes-des-lignes-de-metro-rer-tramway-bus-et-noctilien/files/02cbd9a73c10e7794eaa7f369d686e6c
P20,https://dataratp2.opendatasoft.com/api/v2/catalog/datasets/pictogrammes-des-lignes-de-metro-rer-tramway-bus-et-noctilien/files/016ffe2322196b2b5a63a66ddcdc3741
P45,https://dataratp2.opendatasoft.com/api/v2/catalog/datasets/pictogrammes-des-lignes-de-metro-rer-tramway-bus-et-noctilien/files/b314ead231e3508c09e18df7a92de20e
PCastor,https://dataratp2.opendatasoft.com/api/v2/catalog/datasets/pictogrammes-des-lignes-de-metro-rer-tramway-bus-et-noctilien/files/86da00e4303d2309bfee2e380c8739ee
T7,https://dataratp2.opendatasoft.com/api/v2/catalog/datasets/pictogrammes-des-lignes-de-metro-rer-tramway-bus-et-noctilien/files/0c8f7fce790f8291d4e08b2c827203ab
T8,https://dataratp2.opendatasoft.com/api/v2/catalog/datasets/pictogrammes-des-lignes-de-metro-rer-tramway-bus-et-noctilien/files/521374caf1a4189c08bb14ff911526a4
20,https://dataratp2.opendatasoft.com/api/v2/catalog/datasets/pictogrammes-des-lignes-de-metro-rer-tramway-bus-et-noctilien/files/1e03518fcd32ff1395a69fd548478dbd
35,https://dataratp2.opendatasoft.com/api/v2/catalog/datasets/pictogrammes-des-lignes-de-metro-rer-tramway-bus-et-noctilien/files/e14bf7bc12d5c382e8876c24207807b7
40,https://dataratp2.opendatasoft.com/api/v2/catalog/datasets/pictogrammes-des-lignes-de-metro-rer-tramway-bus-et-noctilien/files/5b4fb2dc19a4149664e9628ece7b418f
47,https://dataratp2.opendatasoft.com/api/v2/catalog/datasets/pictogrammes-des-lignes-de-metro-rer-tramway-bus-et-noctilien/files/d2a94d499ae31c3b50dfd8657cf31ab7
54,https://dataratp2.opendatasoft.com/api/v2/catalog/datasets/pictogrammes-des-lignes-de-metro-rer-tramway-bus-et-noctilien/files/6e5b19629280d631593a28143c542d97
62,https://dataratp2.opendatasoft.com/api/v2/catalog/datasets/pictogrammes-des-lignes-de-metro-rer-tramway-bus-et-noctilien/files/16456f9172ef3633527a1b362e8df607
67,https://dataratp2.opendatasoft.com/api/v2/catalog/datasets/pictogrammes-des-lignes-de-metro-rer-tramway-bus-et-noctilien/files/e365f91142b373652c5f3f7098da5951
73,https://dataratp2.opendatasoft.com/api/v2/catalog/datasets/pictogrammes-des-lignes-de-metro-rer-tramway-bus-et-noctilien/files/a096f886b34e41b3b69aca788b4bf6c5
88,https://dataratp2.opendatasoft.com/api/v2/catalog/datasets/pictogrammes-des-lignes-de-metro-rer-tramway-bus-et-noctilien/files/e870ca8aaa175455ec272fb5353b9cc5
102,https://dataratp2.opendatasoft.com/api/v2/catalog/datasets/pictogrammes-des-lignes-de-metro-rer-tramway-bus-et-noctilien/files/20f1bb0224eee28c23938943d304c1bb
103,https://dataratp2.opendatasoft.com/api/v2/catalog/datasets/pictogrammes-des-lignes-de-metro-rer-tramway-bus-et-noctilien/files/69b8aa15e6eae78307079cfa15a6928c
104,https://dataratp2.opendatasoft.com/api/v2/catalog/datasets/pictogrammes-des-lignes-de-metro-rer-tramway-bus-et-noctilien/files/48757c36109e9fbaaf0e654f068eb67f
105,https://dataratp2.opendatasoft.com/api/v2/catalog/datasets/pictogrammes-des-lignes-de-metro-rer-tramway-bus-et-noctilien/files/a629e649cab62dc353a9afb98d4cb3c3
118,https://dataratp2.opendatasoft.com/api/v2/catalog/datasets/pictogrammes-des-lignes-de-metro-rer-tramway-bus-et-noctilien/files/338b750edce5620378d2744d642751f1
119,https://dataratp2.opendatasoft.com/api/v2/catalog/datasets/pictogrammes-des-lignes-de-metro-rer-tramway-bus-et-noctilien/files/f2129b333865ea192e076058a481e5e2
122,https://dataratp2.opendatasoft.com/api/v2/catalog/datasets/pictogrammes-des-lignes-de-metro-rer-tramway-bus-et-noctilien/files/7f0b5a45b132a21fae99550c8e2097d4
132,https://dataratp2.opendatasoft.com/api/v2/catalog/datasets/pictogrammes-des-lignes-de-metro-rer-tramway-bus-et-noctilien/files/8ff5ed9de31f9de5ee12b444806b64df
144,https://dataratp2.opendatasoft.com/api/v2/catalog/datasets/pictogrammes-des-lignes-de-metro-rer-tramway-bus-et-noctilien/files/c0a8b31ae2665ace0aa791dd3257fdf7
154,https://dataratp2.opendatasoft.com/api/v2/catalog/datasets/pictogrammes-des-lignes-de-metro-rer-tramway-bus-et-noctilien/files/8a83842fefc0a5a1a94fabd687aeca22
165,https://dataratp2.opendatasoft.com/api/v2/catalog/datasets/pictogrammes-des-lignes-de-metro-rer-tramway-bus-et-noctilien/files/2041138aa0124964eff40d39b4cb59e1
167,https://dataratp2.opendatasoft.com/api/v2/catalog/datasets/pictogrammes-des-lignes-de-metro-rer-tramway-bus-et-noctilien/files/f829c50d1fd7c26eeb4555e17ed468e3
177,https://dataratp2.opendatasoft.com/api/v2/catalog/datasets/pictogrammes-des-lignes-de-metro-rer-tramway-bus-et-noctilien/files/1b3c8b1810a1346653560a7d582d4240
180,https://dataratp2.opendatasoft.com/api/v2/catalog/datasets/pictogrammes-des-lignes-de-metro-rer-tramway-bus-et-noctilien/files/d27da375ee6e8ff6cd204b877bc4d5ee
190,https://dataratp2.opendatasoft.com/api/v2/catalog/datasets/pictogrammes-des-lignes-de-metro-rer-tramway-bus-et-noctilien/files/fe6d4bf5e1c5fdb95896ef9795264cf9
210,https://dataratp2.opendatasoft.com/api/v2/catalog/datasets/pictogrammes-des-lignes-de-metro-rer-tramway-bus-et-noctilien/files/63f887c7758e46524a2698575530a4af
211,https://dataratp2.opendatasoft.com/api/v2/catalog/datasets/pictogrammes-des-lignes-de-metro-rer-tramway-bus-et-noctilien/files/beca545872b4ec76e1277e3a7f3871dd
213,https://dataratp2.opendatasoft.com/api/v2/catalog/datasets/pictogrammes-des-lignes-de-metro-rer-tramway-bus-et-noctilien/files/7835236f3be09422a2c0daffdcad777c
216,https://dataratp2.opendatasoft.com/api/v2/catalog/datasets/pictogrammes-des-lignes-de-metro-rer-tramway-bus-et-noctilien/files/6d5d9ebf5854e2942c62c094d34c95bb
249,https://dataratp2.opendatasoft.com/api/v2/catalog/datasets/pictogrammes-des-lignes-de-metro-rer-tramway-bus-et-noctilien/files/90d9639e618defa0145e5e248fc85e23
253,https://dataratp2.opendatasoft.com/api/v2/catalog/datasets/pictogrammes-des-lignes-de-metro-rer-tramway-bus-et-noctilien/files/5aa0781d54459b2a4ec5fc10d656cc41
255,https://dataratp2.opendatasoft.com/api/v2/catalog/datasets/pictogrammes-des-lignes-de-metro-rer-tramway-bus-et-noctilien/files/d2681402d2c6e926710728d8b1a1bc68
267,https://dataratp2.opendatasoft.com/api/v2/catalog/datasets/pictogrammes-des-lignes-de-metro-rer-tramway-bus-et-noctilien/files/13d664348b7181ff7a8e94950e876381
268,https://dataratp2.opendatasoft.com/api/v2/catalog/datasets/pictogrammes-des-lignes-de-metro-rer-tramway-bus-et-noctilien/files/b6303cdd5bdb6c3b52b3a178fd64c844
274,https://dataratp2.opendatasoft.com/api/v2/catalog/datasets/pictogrammes-des-lignes-de-metro-rer-tramway-bus-et-noctilien/files/b30146132d19a743b8ce48c799960fd9
278,https://dataratp2.opendatasoft.com/api/v2/catalog/datasets/pictogrammes-des-lignes-de-metro-rer-tramway-bus-et-noctilien/files/b4d01e2aa4c6049887c63cfc6f5c5a93
291,https://dataratp2.opendatasoft.com/api/v2/catalog/datasets/pictogrammes-des-lignes-de-metro-rer-tramway-bus-et-noctilien/files/5aff594369254bb0044177ab90ea4a39
295,https://dataratp2.opendatasoft.com/api/v2/catalog/datasets/pictogrammes-des-lignes-de-metro-rer-tramway-bus-et-noctilien/files/65caf9affb25617e1b4073a4ac6408bd
303,https://dataratp2.opendatasoft.com/api/v2/catalog/datasets/pictogrammes-des-lignes-de-metro-rer-tramway-bus-et-noctilien/files/c4f93c034736ed57f7af13886edf4bcc
346,https://dataratp2.opendatasoft.com/api/v2/catalog/datasets/pictogrammes-des-lignes-de-metro-rer-tramway-bus-et-noctilien/files/bbad3c46e937421a38cda2ac797f702a
349,https://dataratp2.opendatasoft.com/api/v2/catalog/datasets/pictogrammes-des-lignes-de-metro-rer-tramway-bus-et-noctilien/files/0302105508852786cd10217d252c2e8e
351,https://dataratp2.opendatasoft.com/api/v2/catalog/datasets/pictogrammes-des-lignes-de-metro-rer-tramway-bus-et-noctilien/files/59b7a1bd9f0453d13dba1970b443fc79
353,https://dataratp2.opendatasoft.com/api/v2/catalog/datasets/pictogrammes-des-lignes-de-metro-rer-tramway-bus-et-noctilien/files/cbb0b1e22421735492aadae0449af153
357,https://dataratp2.opendatasoft.com/api/v2/catalog/datasets/pictogrammes-des-lignes-de-metro-rer-tramway-bus-et-noctilien/files/3f37189d7719a7f6167dc8a5c3d4c1b0
367,https://dataratp2.opendatasoft.com/api/v2/catalog/datasets/pictogrammes-des-lignes-de-metro-rer-tramway-bus-et-noctilien/files/409b3581ff3574702949527d25c9aaf2
370,https://dataratp2.opendatasoft.com/api/v2/catalog/datasets/pictogrammes-des-lignes-de-metro-rer-tramway-bus-et-noctilien/files/a643a15a375cf857bd93cf6695d2761a
380,https://dataratp2.opendatasoft.com/api/v2/catalog/datasets/pictogrammes-des-lignes-de-metro-rer-tramway-bus-et-noctilien/files/d77fb75cd42abc2e81dd177f431de73a
385,https://dataratp2.opendatasoft.com/api/v2/catalog/datasets/pictogrammes-des-lignes-de-metro-rer-tramway-bus-et-noctilien/files/54422660a86a29b52f8c2133be2f59fd
399,https://dataratp2.opendatasoft.com/api/v2/catalog/datasets/pictogrammes-des-lignes-de-metro-rer-tramway-bus-et-noctilien/files/8c649a3c5f7fc1869ae25d7b584a63c9
492,https://dataratp2.opendatasoft.com/api/v2/catalog/datasets/pictogrammes-des-lignes-de-metro-rer-tramway-bus-et-noctilien/files/b2281abd9d62125f247bd7969a4701f1
506,https://dataratp2.opendatasoft.com/api/v2/catalog/datasets/pictogrammes-des-lignes-de-metro-rer-tramway-bus-et-noctilien/files/df3ebc22c2e512ef3cf659c8cb21ff68
513,https://dataratp2.opendatasoft.com/api/v2/catalog/datasets/pictogrammes-des-lignes-de-metro-rer-tramway-bus-et-noctilien/files/e8b40c1cdb83a153ccc49c8790f8b196
538,https://dataratp2.opendatasoft.com/api/v2/catalog/datasets/pictogrammes-des-lignes-de-metro-rer-tramway-bus-et-noctilien/files/8dd5b6be91acfe28323ed7d22be47dc0
546,https://dataratp2.opendatasoft.com/api/v2/catalog/datasets/pictogrammes-des-lignes-de-metro-rer-tramway-bus-et-noctilien/files/bd05e5ab1c59ff40e810f5a97b589d35
559,https://dataratp2.opendatasoft.com/api/v2/catalog/datasets/pictogrammes-des-lignes-de-metro-rer-tramway-bus-et-noctilien/files/43afbe8c8f7ef2d315b94600478a1468
562,https://dataratp2.opendatasoft.com/api/v2/catalog/datasets/pictogrammes-des-lignes-de-metro-rer-tramway-bus-et-noctilien/files/e5c4cd3a097113ead09fb0e2927987f6
564,https://dataratp2.opendatasoft.com/api/v2/catalog/datasets/pictogrammes-des-lignes-de-metro-rer-tramway-bus-et-noctilien/files/31a663878d668a187e1a88262cbd646b
565,https://dataratp2.opendatasoft.com/api/v2/catalog/datasets/pictogrammes-des-lignes-de-metro-rer-tramway-bus-et-noctilien/files/f130eb70f058ca6962abcaff95b0e013
569,https://dataratp2.opendatasoft.com/api/v2/catalog/datasets/pictogrammes-des-lignes-de-metro-rer-tramway-bus-et-noctilien/files/49a1ba9af2881c936c8e1faedf516177
572,https://dataratp2.opendatasoft.com/api/v2/catalog/datasets/pictogrammes-des-lignes-de-metro-rer-tramway-bus-et-noctilien/files/7a9b39030e1169b30c1d8a890600ecf6
602,https://dataratp2.opendatasoft.com/api/v2/catalog/datasets/pictogrammes-des-lignes-de-metro-rer-tramway-bus-et-noctilien/files/eba514520f670ccf06c23838879a8ae9
613,https://dataratp2.opendatasoft.com/api/v2/catalog/datasets/pictogrammes-des-lignes-de-metro-rer-tramway-bus-et-noctilien/files/7d3e3dd4069f56bfb425f8b114b3a7d6
616,https://dataratp2.opendatasoft.com/api/v2/catalog/datasets/pictogrammes-des-lignes-de-metro-rer-tramway-bus-et-noctilien/files/3969a06a90623abd8d1383889f976706
617,https://dataratp2.opendatasoft.com/api/v2/catalog/datasets/pictogrammes-des-lignes-de-metro-rer-tramway-bus-et-noctilien/files/43ea476bc0726c1dac88c873d83608be
618,https://dataratp2.opendatasoft.com/api/v2/catalog/datasets/pictogrammes-des-lignes-de-metro-rer-tramway-bus-et-noctilien/files/b12fe437cac803caf0e5c8e8496c939e
623,https://dataratp2.opendatasoft.com/api/v2/catalog/datasets/pictogrammes-des-lignes-de-metro-rer-tramway-bus-et-noctilien/files/3f74740bbc1ecc379636b4d50a3dbdac
641,https://dataratp2.opendatasoft.com/api/v2/catalog/datasets/pictogrammes-des-lignes-de-metro-rer-tramway-bus-et-noctilien/files/c1da807d9af7eea4f3c801275f34ec18
690,https://dataratp2.opendatasoft.com/api/v2/catalog/datasets/pictogrammes-des-lignes-de-metro-rer-tramway-bus-et-noctilien/files/b5da5c76bd95a61a80668276ee2c12ca
208abs,https://dataratp2.opendatasoft.com/api/v2/catalog/datasets/pictogrammes-des-lignes-de-metro-rer-tramway-bus-et-noctilien/files/557289630ba41e17320eddc235fda51b
541-Buseolien1,https://dataratp2.opendatasoft.com/api/v2/catalog/datasets/pictogrammes-des-lignes-de-metro-rer-tramway-bus-et-noctilien/files/06171b1117f7415abd9caeb4a3a47e60
559a,https://dataratp2.opendatasoft.com/api/v2/catalog/datasets/pictogrammes-des-lignes-de-metro-rer-tramway-bus-et-noctilien/files/e0f66d0f69ae0307b0f078a32be384bd
559c,https://dataratp2.opendatasoft.com/api/v2/catalog/datasets/pictogrammes-des-lignes-de-metro-rer-tramway-bus-et-noctilien/files/1416f99ca9800ba5fa2e3e8a84d88054
574-TUC-E,https://dataratp2.opendatasoft.com/api/v2/catalog/datasets/pictogrammes-des-lignes-de-metro-rer-tramway-bus-et-noctilien/files/3e3b78b40e2266f28d05e67a95cb975c
COP21,https://dataratp2.opendatasoft.com/api/v2/catalog/datasets/pictogrammes-des-lignes-de-metro-rer-tramway-bus-et-noctilien/files/14cfbedfa24cc932e797488f0c8fbe73
M9,https://dataratp2.opendatasoft.com/api/v2/catalog/datasets/pictogrammes-des-lignes-de-metro-rer-tramway-bus-et-noctilien/files/5bf2c3176129523db561162592e64163
NavetteRERA-01,https://dataratp2.opendatasoft.com/api/v2/catalog/datasets/pictogrammes-des-lignes-de-metro-rer-tramway-bus-et-noctilien/files/e08cb6c5eaaad67cabbfd4099d901d72
N11,https://dataratp2.opendatasoft.com/api/v2/catalog/datasets/pictogrammes-des-lignes-de-metro-rer-tramway-bus-et-noctilien/files/542b29fee36ec483b064c8109a80034c
N12,https://dataratp2.opendatasoft.com/api/v2/catalog/datasets/pictogrammes-des-lignes-de-metro-rer-tramway-bus-et-noctilien/files/363e904409bdcce2083a0b1707ef4777
N13,https://dataratp2.opendatasoft.com/api/v2/catalog/datasets/pictogrammes-des-lignes-de-metro-rer-tramway-bus-et-noctilien/files/be9a79a62cae022bb64b6351a5cb5670
N31,https://dataratp2.opendatasoft.com/api/v2/catalog/datasets/pictogrammes-des-lignes-de-metro-rer-tramway-bus-et-noctilien/files/3950dfcade1e9ba7b3ab2b0669be5964
N35,https://dataratp2.opendatasoft.com/api/v2/catalog/datasets/pictogrammes-des-lignes-de-metro-rer-tramway-bus-et-noctilien/files/8e63523a2abd202c0a4a2534a307145d
N42,https://dataratp2.opendatasoft.com/api/v2/catalog/datasets/pictogrammes-des-lignes-de-metro-rer-tramway-bus-et-noctilien/files/4e6196b388c542c51a68188fd864db88
Orlyval,https://dataratp2.opendatasoft.com/api/v2/catalog/datasets/pictogrammes-des-lignes-de-metro-rer-tramway-bus-et-noctilien/files/42f638124875baa4c120d14d96b80572
P307,https://dataratp2.opendatasoft.com/api/v2/catalog/datasets/pictogrammes-des-lignes-de-metro-rer-tramway-bus-et-noctilien/files/114ff36da73e5d289fdc70eda49bdfc6
P4-MOBICAPS,https://dataratp2.opendatasoft.com/api/v2/catalog/datasets/pictogrammes-des-lignes-de-metro-rer-tramway-bus-et-noctilien/files/5ac9aac34faeb2fb09fc2574a16174b9
T1,https://dataratp2.opendatasoft.com/api/v2/catalog/datasets/pictogrammes-des-lignes-de-metro-rer-tramway-bus-et-noctilien/files/9a3fba3216ce3beae6594f4bfec80c9e
T2,https://dataratp2.opendatasoft.com/api/v2/catalog/datasets/pictogrammes-des-lignes-de-metro-rer-tramway-bus-et-noctilien/files/7d4bc51f4d026b9afa83e92a064f9346
T6,https://dataratp2.opendatasoft.com/api/v2/catalog/datasets/pictogrammes-des-lignes-de-metro-rer-tramway-bus-et-noctilien/files/f0f5b1a8419c16a9c0088aa7b8759784
B,https://dataratp2.opendatasoft.com/api/v2/catalog/datasets/pictogrammes-des-lignes-de-metro-rer-tramway-bus-et-noctilien/files/6a1f7c5ae9b218b25cc12f6eb3e3ee5b
